vol,vue,side,i,concordance,hitsA,hitsB,A,B,crop
42,4,R,0,B,,P:Bassan,,S,crops/42_0004_R_000.jpg
42,4,R,28,B,,Lieu:Italie,,"haben, darzu, und nach welchen",crops/42_0004_R_028.jpg
42,6,L,3,B,,Begraben,,"accords gekommen sege, und zugleich",crops/42_0006_L_003.jpg
42,6,L,17,B,,Begraben,,und solche halb mögen zu vergleichen suchen,crops/42_0006_L_017.jpg
42,6,R,53,B,,Fuhre,,"zu greuth fuhren laßen, daß nach",crops/42_0006_R_053.jpg
42,6,R,60,B,,Lieu:Route Alpes,,bunden besucher keine notitzische,crops/42_0006_R_060.jpg
42,6,R,65,B,,Schriften,,Alnis a.p. ledigk jedoch ohn schrifften,crops/42_0006_R_065.jpg
42,7,L,1,B,,Censur,,"anfrage der von Censur resolviret worden,",crops/42_0007_L_001.jpg
42,7,L,20,B,,Begraben,,zugleich das * Conclusum vom 2.J.,crops/42_0007_L_020.jpg
42,7,R,72,B,,Begraben,,ist das propiet der zu gleichen verlaße¬,crops/42_0007_R_072.jpg
42,8,R,44,B,,Thor,,andtwortt anschließen und sie de¬,crops/42_0008_R_044.jpg
42,8,R,59,B,,Fuhre,,"teine N. Auch in Magdeburg, Mitzgen p fuhrmans",crops/42_0008_R_059.jpg
42,9,R,50,B,,Censur,,missitatem Ambter den Commissario,crops/42_0009_R_050.jpg
42,10,L,25,B,,Begraben,,gestalt so gleich morgen consreto durch¬,crops/42_0010_L_025.jpg
42,11,L,18,B,,Lieu:Nord,,"Alß ordin Halini, Hamburg vmb",crops/42_0011_L_018.jpg
42,11,R,78,B,,Begraben,,halber diesmahl Ehrb. verlesten Jacob J: Colln man ohngeleichen Harfrigung,crops/42_0011_R_078.jpg
42,11,R,79,B,,Lieu:Nord,,Hamburg Sich freundtlich zu vnderschicken,crops/42_0011_R_079.jpg
42,12,L,30,B,,Begraben,,und sogleich ad Imperaij,crops/42_0012_L_030.jpg
42,13,L,10,B,,Schriften,,Alß hirauff Alßo Syndicorum schrifften,crops/42_0013_L_010.jpg
42,13,L,30,B,,Lieu:Route Alpes,,dem Erbb: Chur: hans Vorsischen Com¬,crops/42_0013_L_030.jpg
42,13,L,31,B,,Begraben,,"misseriat auff gleichen auß, nehmen ]",crops/42_0013_L_031.jpg
42,13,R,40,B,,Erlaubnis,,"tem außmachen mögte, erstatten,",crops/42_0013_R_040.jpg
42,14,L,9,B,,Thor,,solche in ersterer sache Thor refe¬,crops/42_0014_L_009.jpg
42,14,L,27,B,,Nacht,,"habe, nachtdurch consituiren, so",crops/42_0014_L_027.jpg
42,14,R,53,B,,Begraben,,"hierbey zu thun soge. biß, solle man so gleich dan arrest",crops/42_0014_R_053.jpg
42,16,L,28,B,,Begraben,,gleichen zu rethallten,crops/42_0016_L_028.jpg
42,17,L,0,B,,Lieu:Route Alpes,,Alß das Vor Augspurg der stadt 26,crops/42_0017_L_000.jpg
42,17,L,19,B,,Lieu:Ashkenaz,,frantzfurth in Zeit Vors tagen des¬,crops/42_0017_L_019.jpg
42,18,L,23,B,,Schriften,,Syndicorum schrifften gutachten,crops/42_0018_L_023.jpg
42,18,L,30,B,,Lieu:Nord,,Pfereings mit der Stadt Amsterdam,crops/42_0018_L_030.jpg
42,18,R,45,B,,Begraben,,"angewendet werden, jetzo gleich dan",crops/42_0018_R_045.jpg
42,19,L,13,B,,Begraben,,verweißen solle: Jngleichenn,crops/42_0019_L_013.jpg
42,19,L,14,B,,Censur,,ob nicht dHn Commissario Hansen,crops/42_0019_L_014.jpg
42,19,R,32,B,,Lieu:Nord,,"(erculantus Amsterdamhtur referirt,",crops/42_0019_R_032.jpg
42,19,R,45,B,,Begraben,,(1). ob Vorietzo gleich oder wenn,crops/42_0019_R_045.jpg
42,19,R,60,B,,Begraben;Fuhre,,geklaget oder zugleich mit angefuhret,crops/42_0019_R_060.jpg
42,20,L,27,B,,Lieu:Route Alpes,,Vorjährigen Chur handkeuischen,crops/42_0020_L_027.jpg
42,20,L,33,B,,Thor,,Sölln man es am thor bestallen daß,crops/42_0020_L_033.jpg
42,21,L,28,B,,Lieu:Route Alpes,,Vorjährigen Chur handkeuischen,crops/42_0021_L_028.jpg
42,21,L,34,B,,Thor,,Gilln man es am thor bestallen daß,crops/42_0021_L_034.jpg
42,21,R,73,B,,Lieu:Nord,,und Englandt nachricht Hambur,crops/42_0021_R_073.jpg
42,22,L,2,B,,Wacht,,"Von Ferner, nicht an der Wacht des",crops/42_0022_L_002.jpg
42,22,L,22,B,,P:Poppers,,und dero schon Boppehr beand vor¬,crops/42_0022_L_022.jpg
42,22,R,47,B,,Nacht,,15 Maij dem Erbb: nachtrag: Matt,crops/42_0022_R_047.jpg
42,23,L,27,B,,Lieu:Ashkenaz,,"Von Eller nacher berlin, Vier faß",crops/42_0023_L_027.jpg
42,23,R,43,B,,Juden,,scripta der Sudenschafft hahenden,crops/42_0023_R_043.jpg
42,23,R,55,B,,P:Poppers,,von,crops/42_0023_R_055.jpg
42,23,R,62,B,,Lieu:Ashkenaz,,Franckfurth in praetercompositui,crops/42_0023_R_062.jpg
42,23,R,69,B,,Schriften,,schriftin,crops/42_0023_R_069.jpg
42,24,R,36,B,,Lieu:Ashkenaz,,Stadt Franckfurth am Magd,crops/42_0024_R_036.jpg
42,24,R,40,B,,Lieu:Ashkenaz,,Westen der Stadt Frankfurth,crops/42_0024_R_040.jpg
42,24,R,54,B,,Lieu:Ashkenaz,,und Reichs Stadt Frankfurth,crops/42_0024_R_054.jpg
42,25,L,30,B,,Begraben,,"der getroffenen vergleich, gegte",crops/42_0025_L_030.jpg
42,26,R,70,B,,Wacht,,"der Wacht, damit sie nicht entkomen.",crops/42_0026_R_070.jpg
42,27,L,17,B,,Lieu:Route Alpes,,"proponiret, ab habe sich der Chur¬ sorgen hätte.",crops/42_0027_L_017.jpg
42,27,L,37,B,,Nacht,,riale nachst kunfftigen mon tag dabeij,crops/42_0027_L_037.jpg
42,27,R,53,B,,P:Bassan,,stäffte F. Directorialis Von Braßen,crops/42_0027_R_053.jpg
42,27,R,65,B,,Begraben,,vermög einer Zugleich entworffen,crops/42_0027_R_065.jpg
42,28,L,11,B,,Begraben,,nen sie den getroßener Vergleich,crops/42_0028_L_011.jpg
42,28,L,12,B,,Begraben,,"angezeigt, vnd zugleich auff die",crops/42_0028_L_012.jpg
42,28,L,32,B,,Begraben,,alß H. Resident= die gleichmeßige,crops/42_0028_L_032.jpg
42,28,L,39,B,,Lieu:Italie,,"Konigl Mt, welcher das Pubsthaler",crops/42_0028_L_039.jpg
42,28,R,43,B,,Lieu:Nord,,Hamburg Syndico lucius auffgesetzten,crops/42_0028_R_043.jpg
42,28,R,50,B,,Lieu:Ashkenaz,,Frannkfurth an L: Certirtinischen,crops/42_0028_R_050.jpg
42,29,L,24,B,,Begraben,,einbahro auff zugleich er¬,crops/42_0029_L_024.jpg
42,29,L,35,B,,Wacht,,nach Closter Engelthal die Wacht,crops/42_0029_L_035.jpg
42,29,L,38,B,,Fuhre,,abfuhren.,crops/42_0029_L_038.jpg
42,29,L,41,B,,Begraben,,gleichen etwa ex forma bekandt,crops/42_0029_L_041.jpg
42,29,L,42,B,,Begraben,,von gleich in der Paßischen sache,crops/42_0029_L_042.jpg
42,29,L,47,B,,Begraben,,ihren Zwar dergleichen aufgerathen,crops/42_0029_L_047.jpg
42,29,L,51,B,,Begraben,,dennoch egnige dergleichs bezahl der leutha in,crops/42_0029_L_051.jpg
42,30,L,8,B,,Lieu:Route Alpes,,"Ihreribution lassen, und ihren Chur¬",crops/42_0030_L_008.jpg
42,30,R,54,B,,Lieu:Route Alpes,,gen pro Memoria soden Chur: Maij etz:,crops/42_0030_R_054.jpg
42,31,L,14,B,,Lieu:Ashkenaz,,"das geld in Wien Zahlen laßen,",crops/42_0031_L_014.jpg
42,31,R,46,B,,P:Bassan,,ß,crops/42_0031_R_046.jpg
42,31,R,51,B,,Lieu:Route Alpes,,und an Chur Magatz in 16 moneta¬,crops/42_0031_R_051.jpg
42,32,L,4,B,,Thor,,ne wetten vnd vorgelt an thor¬,crops/42_0032_L_004.jpg
42,32,L,8,B,,Erlaubnis,,"seinen bericht erstattet hat, be¬",crops/42_0032_L_008.jpg
42,32,L,24,B,,Lieu:Ashkenaz,,anhang in casso ffurth der herrn,crops/42_0032_L_024.jpg
42,32,R,44,B,,Lieu:Ashkenaz,,"Franckfurthische Votum, addicta¬",crops/42_0032_R_044.jpg
42,32,R,56,B,,Begraben,,"sehe, zugleich auch deren entkorffen",crops/42_0032_R_056.jpg
42,33,L,9,B,,Lieu:Italie,,welcher praesenti schlachtigen,crops/42_0033_L_009.jpg
42,33,L,21,B,,Lieu:Ashkenaz,,"her von Bremen in Wien, bef der",crops/42_0033_L_021.jpg
42,33,R,50,B,,Thor,,"Schuldinges, alßer vor Thor Galla",crops/42_0033_R_050.jpg
42,33,R,64,B,,Lieu:Italie,,nen welchen wollen abgeworffen,crops/42_0033_R_064.jpg
42,33,R,65,B,,Lieu:Italie,,"am welchen thaler abgesetzt, sehe soll besold verlesen worden,",crops/42_0033_R_065.jpg
42,34,L,21,B,,Lieu:Nord,,"Ecculanburg Amsterdam referiret,",crops/42_0034_L_021.jpg
42,34,L,35,B,,Begraben;Lieu:Italie,,"gleich angefengt worden, welcher",crops/42_0034_L_035.jpg
42,34,R,64,B,,Lieu:Italie,,"laßen werden, welcher claritire et eventualit,",crops/42_0034_R_064.jpg
42,35,L,7,B,,Lieu:Italie,,Welische worden :/.,crops/42_0035_L_007.jpg
42,36,L,31,B,,Juden,,"girung, die getauffte Juden Man¬",crops/42_0036_L_031.jpg
42,36,R,48,B,,Thor,,ein fahr thor Zoll verlesen Woch : /: Her statum.,crops/42_0036_R_048.jpg
42,37,L,23,B,,Begraben,,"gleichen zur hoff consultation, ver¬",crops/42_0037_L_023.jpg
42,37,L,27,B,,Kiste,,der für Hochfursten Kasten: Ußugi¬,crops/42_0037_L_027.jpg
42,37,R,35,B,,Begraben,,"zugleich verlesen werden, in",crops/42_0037_R_035.jpg
42,37,R,60,B,,Lieu:Route Alpes,,Alß Ein endworttschlag an Chur¬,crops/42_0037_R_060.jpg
42,38,L,8,B,,Lieu:Ashkenaz,,"furth deß Priuher depitten,",crops/42_0038_L_008.jpg
42,38,L,35,B,,Begraben,,Gleichten an ihre zu Verzwischen,crops/42_0038_L_035.jpg
42,39,L,7,B,,Lieu:Route Alpes,,befundten pro Memoria ent¬,crops/42_0039_L_007.jpg
42,39,L,21,B,,Begraben,,Gleich cum diorisis Extractibus,crops/42_0039_L_021.jpg
42,40,L,24,B,,W:Cercle de Padoue,,de,crops/42_0040_L_024.jpg
42,40,R,47,B,,Lieu:Italie,,"einzulaßen belieben wolle, welchen",crops/42_0040_R_047.jpg
42,41,L,8,B,,Fuhre,,"in die stadt fuhren, dahin stellend",crops/42_0041_L_008.jpg
42,41,L,16,B,,Fuhre,,die fracht durch andere fuhren,crops/42_0041_L_016.jpg
42,41,L,21,B,,Lieu:Nord,,de Bodels gericht in Amsterdam,crops/42_0041_L_021.jpg
42,41,R,46,B,,Juden,,"Jrsp 9 Julischen Jacob Vog Moxler,",crops/42_0041_R_046.jpg
42,41,R,53,B,,Lieu:Ashkenaz,,in der Stadtfurthag ausgefa¬,crops/42_0041_R_053.jpg
42,41,R,56,B,,Lieu:Ashkenaz,,"furthister anzeige und bitt, Auff",crops/42_0041_R_056.jpg
42,42,L,18,B,,Lieu:Nord,,Hamburg zuthun setze d: /:,crops/42_0042_L_018.jpg
42,42,L,29,B,,Begraben,,und auff was vor auch vergleichen,crops/42_0042_L_029.jpg
42,42,R,49,B,,Lieu:Italie,,welcher in der 2ten abtheilung,crops/42_0042_R_049.jpg
42,43,L,0,B,,Lieu:Route Alpes,,Chur Maijttlr selbe ihme,crops/42_0043_L_000.jpg
42,43,L,23,B,,Erlaubnis,,"begfuß, um erlaubnuß Wieder eijn",crops/42_0043_L_023.jpg
42,43,L,25,B,,Lieu:Nord,,Famille nochre Hamburg reijßen zu,crops/42_0043_L_025.jpg
42,43,R,41,B,,Juden,,Juden Edwig Mifflar wegen ein,crops/42_0043_R_041.jpg
42,43,R,74,B,,Lieu:Nord,,Hamburgk Erben Syndiculis bekosten worden: L. Luneburg an ehr in,crops/42_0043_R_074.jpg
42,44,L,5,B,,Lieu:Italie,,"zu laßen setzen, Welcher gesant",crops/42_0044_L_005.jpg
42,44,L,6,B,,Lieu:Nord,,ren in Hamburgfß Taxischen beu,crops/42_0044_L_006.jpg
42,44,L,12,B,,Lieu:Nord,,Erbb: vnd Hamburgs: ambt gebuh¬,crops/42_0044_L_012.jpg
42,44,R,48,B,,Wacht,,Wachtmeister Von Grehentz von,crops/42_0044_R_048.jpg
42,45,L,9,B,,Lieu:Route Alpes,,gestallte peraequation der Chur¬,crops/42_0045_L_009.jpg
42,45,L,19,B,,Begraben,,"sich vergleichen wolle, dero hern",crops/42_0045_L_019.jpg
42,45,R,57,B,,Schriften,,Andice uf schriftigen Quaqua¬,crops/42_0045_R_057.jpg
42,46,L,33,B,,Fuhre,,"Beschrift, den buchfuhrer Johann",crops/42_0046_L_033.jpg
42,46,L,34,B,,Begraben,,* aus leichtig,crops/42_0046_L_034.jpg
42,46,L,35,B,,W:Cercle de Padoue,,"Friedrich Rathlen Schluß, Valle¬",crops/42_0046_L_035.jpg
42,46,L,41,B,,Censur,,buch von Commisseriats an¬,crops/42_0046_L_041.jpg
42,46,R,65,B,,Wacht,,"hauptwacht man laßen, vnd daßen",crops/42_0046_R_065.jpg
42,47,L,21,B,,Lieu:Italie,,Welcher daruf zu verehmen gegr¬,crops/42_0047_L_021.jpg
42,47,R,45,B,,Schriften,,Woruber er eingeschrifften ver¬,crops/42_0047_R_045.jpg
42,47,R,48,B,,Begraben,,gleiche arth habe er ersuchet die,crops/42_0047_R_048.jpg
42,48,L,23,B,,Lieu:Route Alpes,,Nie solche zu uber rathen segen v. Möller man ihre Chur¬,crops/42_0048_L_023.jpg
42,48,L,25,B,,Fuhre,,"ger Postwagen eingefahre,",crops/42_0048_L_025.jpg
42,48,L,26,B,,Begraben,,und die andern auff gleichwach,crops/42_0048_L_026.jpg
42,49,R,40,B,,Lieu:Ashkenaz,,"Absenten in Wien, sed Von Hannisch",crops/42_0049_R_040.jpg
42,50,L,3,B,,Kiste,,Kasten Caselische dreyß: gefordtlich,crops/42_0050_L_003.jpg
42,50,L,34,B,,P:Bassan,,Vnd Braßen wissignation um sich beij,crops/42_0050_L_034.jpg
42,50,L,38,B,,Lieu:Nord,,"anbeij Amsterdamiret, wiellich",crops/42_0050_L_038.jpg
42,50,R,48,B,,Lieu:Ashkenaz,,"furth habe, bewilligeten könte man",crops/42_0050_R_048.jpg
42,50,R,78,B,,Begraben,,"geflichtet guth: ist, ein gleiches auch",crops/42_0050_R_078.jpg
42,51,L,1,B,,Lieu:Route Alpes,,"der Chur Pfaltischen Regierung, zu",crops/42_0051_L_001.jpg
42,51,R,48,B,,Lieu:Nord,,Jnaden zu Hamburgen und Maijburg,crops/42_0051_R_048.jpg
42,52,R,45,B,,Erlaubnis,,"samst zu erstatten, hat es nit",crops/42_0052_R_045.jpg
42,52,R,64,B,,Thor,,fahr thor und an der buxke von,crops/42_0052_R_064.jpg
42,53,L,29,B,,Fuhre,,"Wagenn so erbreucirte, hochstge¬",crops/42_0053_L_029.jpg
42,54,L,20,B,,Lieu:Route Alpes,,daß der Chur Collnische Resident,crops/42_0054_L_020.jpg
42,54,L,28,B,,Begraben,,"zu nehmen, und hatte Er sich zu gleich",crops/42_0054_L_028.jpg
42,54,R,43,B,,Begraben,,"gleichs praejudicul zur vorzuthun sitzen, biß solle man dießen",crops/42_0054_R_043.jpg
42,55,L,5,B,,Lieu:Nord,,"so dann dero jungen Hamburgia signirn, so einem",crops/42_0055_L_005.jpg
42,55,L,11,B,,Begraben,,"Prachten wurde, imgleichen sein ge¬",crops/42_0055_L_011.jpg
42,56,L,6,B,,Erlaubnis,,pahr bereits erstattete bericht,crops/42_0056_L_006.jpg
42,56,L,13,B,,Begraben,,"bemeldeter vergleichung gesprochen,",crops/42_0056_L_013.jpg
42,56,L,23,B,,Juden,,vnsorn an der Jüdengaß Vor etz der,crops/42_0056_L_023.jpg
42,56,R,45,B,,Erlaubnis,,richt zu erstatten.,crops/42_0056_R_045.jpg
42,56,R,59,B,,Nacht,,rich bahlers betr. verlesen Moritz : /: Nachtt,crops/42_0056_R_059.jpg
42,57,R,66,B,,Schriften,,"beceße, um sie mit einem schrifften",crops/42_0057_R_066.jpg
42,59,L,23,B,,Nacht,,in nächst Vorstehender angelegenheit,crops/42_0059_L_023.jpg
42,59,R,45,B,,Begraben,,"gen, und ihre zu gleich ansusium",crops/42_0059_R_045.jpg
42,59,R,53,B,,Lieu:Nord,,Von Amsterdam und Abrenam Bleu¬,crops/42_0059_R_053.jpg
42,60,L,32,B,,Lieu:Route Alpes,,denen Chur: Maytete vnd geschl,crops/42_0060_L_032.jpg
42,60,R,65,B,,Begraben,,"belage, solche sich Vielleicht abthun",crops/42_0060_R_065.jpg
42,61,L,7,B,,Schriften,,Extraet seiner handelßbucher noch heu¬,crops/42_0061_L_007.jpg
42,61,L,8,B,,Lieu:Italie;Nacht;P:Bassan;P:Poppers,,b,crops/42_0061_L_008.jpg
42,61,L,10,B,,Begraben,,te beij Schmansbleichlich nohrhaffar,crops/42_0061_L_010.jpg
42,61,R,62,B,,Begraben,,gleiche bedeutung wegen der eidliche Alß ein salva Borsten des bevelch,crops/42_0061_R_062.jpg
42,62,L,24,B,,Nacht,,nachst Vorstehenden mon tag vor¬,crops/42_0062_L_024.jpg
42,62,R,46,B,,Lieu:Route Alpes,,Alß ein concept: schreibens an die Chur¬,crops/42_0062_R_046.jpg
42,63,R,55,B,,Schriften,,schriftenschrei vndt ohr¬,crops/42_0063_R_055.jpg
42,64,L,16,B,,versiegelt,,"Versiegelt ist, an dießen Erzten",crops/42_0064_L_016.jpg
42,65,L,6,B,,Schriften,,"folgende puncten, Woruber schrifftbe",crops/42_0065_L_006.jpg
42,65,L,21,B,,Fuhre,,"rungen, hochachtete sich führen, gherzen",crops/42_0065_L_021.jpg
42,65,R,41,B,,Begraben,,Werbey dem zugleich das Von Ihro hoch-rerererererererererererererererererererererererererererererererererererererererererererererererererererererererererererererererererererererererererererere,crops/42_0065_R_041.jpg
42,65,R,43,B,,Begraben,,Wie da als keiserlichen Churfursten der 9ahr in gleichten,crops/42_0065_R_043.jpg
42,67,L,2,B,,Lieu:Route Alpes,,Alß Ein schreiben von A. Chur¬,crops/42_0067_L_002.jpg
42,67,R,46,B,,Lieu:Route Alpes,,Alß ein Vorschreiben Von der Chur¬,crops/42_0067_R_046.jpg
42,67,R,47,B,,Lieu:Ashkenaz,,Fursther Regierung zu Maijtt.,crops/42_0067_R_047.jpg
42,67,R,63,B,,Censur,,von dem Rom Commissariat zu,crops/42_0067_R_063.jpg
42,68,R,48,B,,Fuhre,,zu fuhren.,crops/42_0068_R_048.jpg
42,68,R,69,B,,Juden,,"9. Juden dassel hiron verlesen worden :/: Exputier,",crops/42_0068_R_069.jpg
42,69,R,41,B,,Fuhre,,wagen mit wollen verlesen,crops/42_0069_R_041.jpg
42,69,R,48,B,,Nacht,,"Alßo zu vhrnachten Man Jacob Jngeschuldt worden,",crops/42_0069_R_048.jpg
42,70,R,60,B,,Lieu:Ashkenaz,,schacht dem mit hofüller Polen sich,crops/42_0070_R_060.jpg
42,71,L,19,B,,Fuhre,,"schreijburg, die guter führen vnd",crops/42_0071_L_019.jpg
42,72,R,46,B,,Lieu:Route Alpes,,Chur Maytt wegen der Abstocke,crops/42_0072_R_046.jpg
42,73,R,41,B,,Censur,,dem beser Commissario Hern Deren,crops/42_0073_R_041.jpg
42,73,R,67,B,,Wacht,,"worden, Von der Haupt Wacht durch¬",crops/42_0073_R_067.jpg
42,73,R,69,B,,Fuhre,,falls zu verfuhren seijndt : /: solle man ihn austromender laßen,crops/42_0073_R_069.jpg
42,74,L,17,B,,Lieu:Nord,,Hamburg,crops/42_0074_L_017.jpg
42,74,R,47,B,,Lieu:Nord,,gnaden zu Hamburg: und Erkurtz¬,crops/42_0074_R_047.jpg
42,75,L,9,B,,Begraben,,ambt die fuhrleicht hieruber,crops/42_0075_L_009.jpg
42,75,L,16,B,,Kiste,,Küsten auch brabl: die abhorung,crops/42_0075_L_016.jpg
42,75,R,66,B,,Nacht,,"Hinachten der von Braßung, eingeloffner vnd H. Synd: Lube",crops/42_0075_R_066.jpg
42,76,R,43,B,,Lieu:Route Alpes,,"in Augspurg Prolaßen worden, F",crops/42_0076_R_043.jpg
42,76,R,54,B,,Lieu:Nord,,"zu Hamburgen und Weijburg, die",crops/42_0076_R_054.jpg
42,77,R,59,B,,Thor,,Eracht am Maur: thor passirt vnd,crops/42_0077_R_059.jpg
42,78,L,7,B,,Censur,,dennoch Ihre Commissaris,crops/42_0078_L_007.jpg
42,78,L,28,B,,Nacht;P:Poppers,,H,crops/42_0078_L_028.jpg
42,78,L,31,B,,Lieu:Route Alpes,,der stedt Nurnberg in caa Orth,crops/42_0078_L_031.jpg
42,78,L,33,B,,Nacht,,"9 beij beredmuller, die nachtwurck des zu gefahr oder schicken von",crops/42_0078_L_033.jpg
42,78,L,37,B,,Schriften,,und an das Kaijßl. Bucher- Commitor¬,crops/42_0078_L_037.jpg
42,78,L,41,B,,Fuhre,,ger stadt waagen seith geraumen,crops/42_0078_L_041.jpg
42,78,R,66,B,,Lieu:Route Alpes,,"zu Augspurg, echt eingelangten",crops/42_0078_R_066.jpg
42,79,L,24,B,,Wacht,,"mans, daßigen stadt Wachtmei¬",crops/42_0079_L_024.jpg
42,79,L,29,B,,Wacht,,* Von dasiger Wacht,crops/42_0079_L_029.jpg
42,79,R,48,B,,Begraben,,fähr Er gleich zu Derehmen ge¬,crops/42_0079_R_048.jpg
42,80,R,43,B,,Schriften,,Alß eine schrifften anzeige des buch,crops/42_0080_R_043.jpg
42,80,R,44,B,,Fuhre,,"fuhrer Laurentrages, wegen des",crops/42_0080_R_044.jpg
42,80,R,45,B,,Schriften,,von dem Kaijßschen Bucher: Commissa¬,crops/42_0080_R_045.jpg
42,80,R,61,B,,Begraben,,"sambtoppendi m, stabs dero zugleich",crops/42_0080_R_061.jpg
42,81,L,17,B,,Lieu:Nord,,bens an die stadt Hamburg in,crops/42_0081_L_017.jpg
42,81,L,34,B,,Wacht,,"Wacht, die Braunsame macht beij",crops/42_0081_L_034.jpg
42,82,R,50,B,,Wacht,,die Wacht am allersehen herrn Chor inhalti¬,crops/42_0082_R_050.jpg
42,83,L,14,B,,Wacht,,der Wacht so Ihro dahlt den förch¬,crops/42_0083_L_014.jpg
42,83,R,44,B,,Lieu:Ashkenaz,,Franck fürth 9. Xsthaler bierstem et cons:,crops/42_0083_R_044.jpg
42,83,R,52,B,,Censur,,Kriegs: Commissarij Hochgedt bitt von,crops/42_0083_R_052.jpg
42,83,R,55,B,,Lieu:Italie,,"schlagskleiben, welcher von den Statt Lubeck Sich freundtlich zue¬",crops/42_0083_R_055.jpg
42,83,R,58,B,,Thor,,Wortt anschließen.,crops/42_0083_R_058.jpg
42,84,L,2,B,,Fuhre,,der stadt waagen annoch befindtlich,crops/42_0084_L_002.jpg
42,84,R,39,B,,Wacht,,sanhinter von der bürgerwacht,crops/42_0084_R_039.jpg
42,85,L,45,B,,Lieu:Route Alpes,,Alß ein Concept schreibens an Ihro Chur¬,crops/42_0085_L_045.jpg
42,86,L,5,B,,Lieu:Italie,,"Erb: Welchschen Regiment, wegen",crops/42_0086_L_005.jpg
42,86,L,6,B,,Lieu:Nord,,Vnabter resolution in Amsterdam,crops/42_0086_L_006.jpg
42,86,L,7,B,,Lieu:Nord,,"Hamburg, siegere Lubeck dabei unterscheidt",crops/42_0086_L_007.jpg
42,86,R,55,B,,Lieu:Ashkenaz,,bens an Ihro Hochfürthe Alle der,crops/42_0086_R_055.jpg
42,87,L,24,B,,Begraben,,Wollte den leich absohlen dahinstat¬,crops/42_0087_L_024.jpg
42,87,R,46,B,,Begraben,,meisters zugleich bey hahn nem,crops/42_0087_R_046.jpg
42,88,R,69,B,,Thor,,subhiner thor beym einlaß ange¬,crops/42_0088_R_069.jpg
42,90,L,15,B,,Fuhre,,vnd seine causelle anzufuhren.,crops/42_0090_L_015.jpg
42,90,L,28,B,,Fuhre,,seijn bekant daß der büffuhrer,crops/42_0090_L_028.jpg
42,90,L,33,B,,Begraben,,"noch in die Leichtiger maße zu gehen,",crops/42_0090_L_033.jpg
42,90,R,64,B,,Wacht,,* vnd hochfurstl. Wachtburgk,crops/42_0090_R_064.jpg
42,91,L,12,B,,Juden,,der die Jüdischer Baumeister nach einen,crops/42_0091_L_012.jpg
42,91,R,62,B,,Begraben;Fuhre,,gleichen wieder einzufuhren er¬,crops/42_0091_R_062.jpg
42,91,R,64,B,,Erlaubnis,,die concession wieder Minitate,crops/42_0091_R_064.jpg
42,92,L,18,B,,Schriften,,"sich zwar verstanden, den schrifften",crops/42_0092_L_018.jpg
42,92,L,26,B,,Cohen (bruit fort);Schriften,,feweine Rechuldlungs= befehl ist Kohlen man vor dem schrifften,crops/42_0092_L_026.jpg
42,92,R,41,B,,Fuhre,,fuhren.,crops/42_0092_R_041.jpg
42,93,L,13,B,,Begraben,,"gleich, ein, seiner pflichten zu",crops/42_0093_L_013.jpg
42,93,R,56,B,,Lieu:Italie,,dicilem nicht gutwo vnd Capitalien in,crops/42_0093_R_056.jpg
42,93,R,60,B,,Lieu:Italie,,Adecipi graticul getur und Capitalien,crops/42_0093_R_060.jpg
42,93,R,62,B,,Lieu:Ashkenaz,,"ein beij der stadt, daßfurth auß Ihre",crops/42_0093_R_062.jpg
42,94,L,10,B,,Kiste,,ob die Kisten und aller aller¬,crops/42_0094_L_010.jpg
42,94,R,58,B,,Lieu:Nord,,"zu Amsterdam einzugeschafftigß, und einzunehrendern",crops/42_0094_R_058.jpg
42,95,R,43,B,,Lieu:Route Alpes,,Alß derjenigern herr Chur¬,crops/42_0095_R_043.jpg
42,95,R,48,B,,Wacht,,"der Hauptwache gesprochen,",crops/42_0095_R_048.jpg
42,95,R,54,B,,Begraben,,buthen wie in gleichen etwas,crops/42_0095_R_054.jpg
42,96,R,64,B,,Lieu:Route Alpes,,bues an die Regierung zu Insprück,crops/42_0096_R_064.jpg
42,97,R,45,B,,Begraben,,"getroffenn vergleich, werden",crops/42_0097_R_045.jpg
42,97,R,57,B,,Begraben,,"gleichten, letwa es beij Rath alßo",crops/42_0097_R_057.jpg
42,97,R,60,B,,Lieu:Nord,,"War Hamburg, die die von der",crops/42_0097_R_060.jpg
42,98,L,26,B,,Lieu:Route Alpes,,Alß ein vorschreiben von der Chur¬,crops/42_0098_L_026.jpg
42,99,L,10,B,,Lieu:Nord,,In Regem Hamburg Obigkeiten,crops/42_0099_L_010.jpg
42,99,R,43,B,,Begraben,,"nicht vor gleichen, ihn ausfolgte",crops/42_0099_R_043.jpg
42,99,R,55,B,,Erlaubnis,,längten bericht zu erstatten.,crops/42_0099_R_055.jpg
42,100,L,35,B,,Lieu:Route Alpes,,"bunden bleiben sollen, alß dasjenu¬",crops/42_0100_L_035.jpg
42,100,R,45,B,,Begraben,,"Pro nota, hierbeij, ist zugleich",crops/42_0100_R_045.jpg
42,100,R,69,B,,Begraben,,"gleich zu fallen, auch dem Anditur",crops/42_0100_R_069.jpg
42,101,L,0,B,,Lieu:Nord,,die Hochbürffte Regierung zu Hamburg,crops/42_0101_L_000.jpg
42,101,L,3,B,,Fuhre,,"unterthanen zu deren stein fuhren,",crops/42_0101_L_003.jpg
42,103,L,2,B,,Nacht,,den heute nacht entleibten,crops/42_0103_L_002.jpg
42,103,L,6,B,,Thor,,"maln, die thor noch zuzuhallten",crops/42_0103_L_006.jpg
42,103,R,48,B,,Nacht,,der betreumen nachtz statuwen.,crops/42_0103_R_048.jpg
42,103,R,63,B,,Begraben;Lieu:Route Alpes,,"Chur Megung, Vorhabenden Erngleich",crops/42_0103_R_063.jpg
42,104,L,6,B,,Wacht,,"Vorgebracht, es ijr ein Wachtman¬",crops/42_0104_L_006.jpg
42,104,R,62,B,,Begraben,,gleichen hinfuhro zu erthalten,crops/42_0104_R_062.jpg
42,104,R,67,B,,Lieu:Route Alpes,,der Stadt Nurnberg in aus Noth¬,crops/42_0104_R_067.jpg
42,104,R,68,B,,Schriften,,schultischer Wittib p Bucherr Verlan¬,crops/42_0104_R_068.jpg
42,105,L,10,B,,Lieu:Route Alpes,,Instruck der hiesigen hellpar¬,crops/42_0105_L_010.jpg
42,105,L,20,B,,Begraben,,"gleich entworffenen vorschieden,",crops/42_0105_L_020.jpg
42,105,L,23,B,,Begraben,,ist solches zugleich approbirt werden;,crops/42_0105_L_023.jpg
42,105,R,44,B,,Begraben,,"behörig erweißet, ihn zu gleich¬",crops/42_0105_R_044.jpg
42,105,R,69,B,,Begraben,,keit so gleich schreiben.,crops/42_0105_R_069.jpg
42,106,L,6,B,,Lieu:Ashkenaz,,Stadt hinfurth Alhi delegir¬,crops/42_0106_L_006.jpg
42,106,L,32,B,,Begraben,,"so gleich geschehen solle, alß Resolat: Ca¬",crops/42_0106_L_032.jpg
42,106,R,66,B,,Lieu:Nord,,Hochfursten hamburgk Regium,crops/42_0106_R_066.jpg
42,106,R,67,B,,Fuhre,,wegen conuerent & der ist einfuhren,crops/42_0106_R_067.jpg
42,107,L,7,B,,Lieu:Nord,,"von Hamburg, um die Execution",crops/42_0107_L_007.jpg
42,107,L,20,B,,Wacht,,"die wacht von guthlacht hoffeherein,",crops/42_0107_L_020.jpg
42,107,L,28,B,,Begraben;Lieu:Route Alpes,,"gleich mit Chur Maijetz, Wegen des",crops/42_0107_L_028.jpg
42,107,L,32,B,,Fuhre,,"anzufuhren, worinn die strilligkeiten",crops/42_0107_L_032.jpg
42,108,L,28,B,,Lieu:Route Alpes,,"das stadt Nurnberg, wegen einer",crops/42_0108_L_028.jpg
42,108,R,62,B,,Lieu:Nord,,"aus hamburg, in causa 9. Harding war¬",crops/42_0108_R_062.jpg
42,109,L,24,B,,Lieu:Ashkenaz,,geseinen Correspondenten in Wien,crops/42_0109_L_024.jpg
42,111,L,34,B,,Begraben,,gleich deßen Rechnung 127. fl. 16.,crops/42_0111_L_034.jpg
42,111,R,49,B,,Begraben,,Ihre wegen des vergleichs ab¬,crops/42_0111_R_049.jpg
42,111,R,52,B,,Fuhre,,"gebrachtunge anzutragen, fuhr zu Colli man allerdigung",crops/42_0111_R_052.jpg
42,111,R,66,B,,Schriften,,Sollen man ihn entleisen einen schrifften,crops/42_0111_R_066.jpg
42,112,L,9,B,,Lieu:Nord,,putatus seiner Zu oder herrn Prostendts Amsterdam,crops/42_0112_L_009.jpg
42,112,L,11,B,,Lieu:Nord,,Hambur:,crops/42_0112_L_011.jpg
42,112,L,14,B,,Lieu:Italie,,"freund gefürden, welcher die",crops/42_0112_L_014.jpg
42,112,L,21,B,,Begraben,,"In den vergleich auffruchen, vnd hatte",crops/42_0112_L_021.jpg
42,112,R,42,B,,Begraben,,Alß der Pause vergleich vnd revers¬,crops/42_0112_R_042.jpg
42,113,L,0,B,,W:Cercle de Padoue,,alle,crops/42_0113_L_000.jpg
42,113,L,2,B,,Lieu:Ashkenaz,,"Graffen von Beckendorff, die Wien¬",crops/42_0113_L_002.jpg
42,113,L,8,B,,Lieu:Nord,,"Hamburg consultituiren, jedoch vor¬",crops/42_0113_L_008.jpg
42,114,R,38,B,,Lieu:Nord,,"Hamburgk Regierung, die con¬",crops/42_0114_R_038.jpg
42,114,R,39,B,,Fuhre,,Lunrentt mit steinfuhren zur,crops/42_0114_R_039.jpg
42,114,R,67,B,,Lieu:Italie,,Welcher verlaßen worden : /: Act: Augustum,crops/42_0114_R_067.jpg
42,115,L,15,B,,Lieu:Italie,,"gefall nahrens Inimandenn, welcher",crops/42_0115_L_015.jpg
42,115,R,59,B,,Nacht,,nachtheil der Rechten Werburg,crops/42_0115_R_059.jpg
42,116,R,39,B,,Lieu:Nord,,cular verlesenn worden: /: Hollandt cum,crops/42_0116_R_039.jpg
42,116,R,43,B,,Lieu:Route Alpes,,die sigmung einiger Chur,crops/42_0116_R_043.jpg
42,117,R,54,B,,Lieu:Nord,,Hamburg wegen der,crops/42_0117_R_054.jpg
42,118,L,0,B,,Lieu:Nord,,Haburg ist ansetzo resolge erb,crops/42_0118_L_000.jpg
42,118,L,30,B,,Lieu:Route Alpes,,Jnregema Caschowesch Chur,crops/42_0118_L_030.jpg
42,119,R,35,B,,Nacht,,Alß ein allergnächtigstes,crops/42_0119_R_035.jpg
42,119,R,40,B,,Fuhre,,und anfuhren außgelegen bei,crops/42_0119_R_040.jpg
42,119,R,42,B,,Begraben,,gleichen sachen einschlag,crops/42_0119_R_042.jpg
42,119,R,50,B,,Erlaubnis,,werden : / soll einbarn solches auf Noth: Concession,crops/42_0119_R_050.jpg
42,122,R,37,B,,Fuhre,,zu deren streuefuhren bef der Ar¬,crops/42_0122_R_037.jpg
42,123,L,13,B,,Lieu:Route Alpes,,scripta in desertat: sachen Chur¬,crops/42_0123_L_013.jpg
42,123,R,35,B,,Juden,,hießigen jüdenschafft derer Ver¬,crops/42_0123_R_035.jpg
42,123,R,49,B,,Lieu:Ashkenaz,,Jhgsten berichte in eu furstherischer,crops/42_0123_R_049.jpg
42,123,R,55,B,,Bann,,9. Jun et wherem in pro debiti Wa¬,crops/42_0123_R_055.jpg
42,124,L,17,B,,Lieu:Route Alpes,,an Ulm vnd Augspurg der hin¬,crops/42_0124_L_017.jpg
42,124,L,32,B,,Begraben,,"in betrifft verlesen worden, Colln man es so gleich an Ihre Synd:",crops/42_0124_L_032.jpg
42,124,R,64,B,,Thor,,andwortt anschließen.,crops/42_0124_R_064.jpg
42,125,R,48,B,,Lieu:Route Alpes,,beij Rath verlesenen Chur¬,crops/42_0125_R_048.jpg
42,125,R,56,B,,Begraben,,ae ao 1607. errichtetem vergleich,crops/42_0125_R_056.jpg
42,126,L,8,B,,Lieu:Italie,,"worden, welchen falls damit auch",crops/42_0126_L_008.jpg
42,126,L,24,B,,Lieu:Route Alpes,,Chur Maytze Regierung in ao Aduber,crops/42_0126_L_024.jpg
42,126,R,53,B,,Lieu:Route Alpes,,"den, vnd wird Erblichem Chur¬",crops/42_0126_R_053.jpg
42,126,R,55,B,,Begraben,,lunge dißer sache zugleich com¬,crops/42_0126_R_055.jpg
42,127,R,49,B,,Begraben,,"auctie: und ausleichftung, radie",crops/42_0127_R_049.jpg
42,128,L,29,B,,Nacht;P:Bassan;P:Poppers;W:Cercle de Padoue,,A,crops/42_0128_L_029.jpg
42,128,L,30,B,,Lieu:Italie,,di,crops/42_0128_L_030.jpg
42,128,R,47,B,,Begraben,,"alß Michael Schleich, beijwendig in ihre die sache bedingnet",crops/42_0128_R_047.jpg
42,128,R,52,B,,Wacht,,a 100 f: an deßigen Wachtmeister,crops/42_0128_R_052.jpg
42,130,R,45,B,,Lieu:Ashkenaz,,Jung zu Wien noch verlangen,crops/42_0130_R_045.jpg
42,131,L,27,B,,Begraben,,"geschafft zu besorgen, zugleich aber¬",crops/42_0131_L_027.jpg
42,131,R,57,B,,Fuhre,,hießige Päßa vor die forhafuhren,crops/42_0131_R_057.jpg
42,132,L,27,B,,P:Bassan,,ß,crops/42_0132_L_027.jpg
42,132,L,30,B,,Lieu:Ashkenaz,,"fursther Dellt zu Sachßkinder, Hilde¬",crops/42_0132_L_030.jpg
42,132,L,32,B,,Nacht,,"nachtrucken zu reprochiren,",crops/42_0132_L_032.jpg
42,132,R,47,B,,Lieu:Nord,,in pro desertionis Htsd. Rolisten Wendischen Hollandt von ihm daruber,crops/42_0132_R_047.jpg
42,132,R,50,B,,Lieu:Ashkenaz,,Eßbemfurth den daßigen bier¬,crops/42_0132_R_050.jpg
42,132,R,63,B,,Thor,,vnd auch an thor hochfursten dihlr zu reuwten,crops/42_0132_R_063.jpg
42,133,L,3,B,,Lieu:Italie;Nacht;P:Bassan;P:Poppers;W:Cercle de Padoue,,#,crops/42_0133_L_003.jpg
42,134,R,31,B,,Lieu:Route Alpes,,und silbers abgefaßtem Chür¬,crops/42_0134_R_031.jpg
42,134,R,52,B,,Fuhre,,Wichenen fhermann zu handell,crops/42_0134_R_052.jpg
42,135,L,9,B,,Lieu:Nord,,"bues an die stadt Hamburg, in",crops/42_0135_L_009.jpg
42,135,L,15,B,,Lieu:Route Alpes,,dem Chur Maijethor Capitata vor,crops/42_0135_L_015.jpg
42,135,R,54,B,,Erlaubnis,,deren bericht ad August: erstattet;,crops/42_0135_R_054.jpg
42,137,R,43,B,,Lieu:Nord,,Keussen hoffes Hamburg nachzuschen.,crops/42_0137_R_043.jpg
42,137,R,64,B,,Lieu:Route Alpes,,"dem gesuch, die ohne Bunden hofftpria",crops/42_0137_R_064.jpg
42,137,R,68,B,,Begraben,,Convento zu Norbleichen sein,crops/42_0137_R_068.jpg
42,138,L,11,B,,Fuhre,,ob hiebeuolen zu stillfuhren: Zölle man sie ingeschrieben,crops/42_0138_L_011.jpg
42,138,R,35,B,,Lieu:Ashkenaz,,Pohlen also Churfursten zu Sachten vnd ansere Marggraffraht,crops/42_0138_R_035.jpg
42,138,R,42,B,,Lieu:Ashkenaz,,9 Franckfurth Commiss. finötte p.,crops/42_0138_R_042.jpg
42,138,R,45,B,,Lieu:Italie,,"der Statt Capitalien befinden,",crops/42_0138_R_045.jpg
42,139,L,23,B,,Erlaubnis,,beschwoh den Otto verlesen worden solle verstattet,crops/42_0139_L_023.jpg
42,139,R,60,B,,Lieu:Ashkenaz,,Franckfurther und schwarhmer,crops/42_0139_R_060.jpg
42,140,L,11,B,,Lieu:Italie;Nacht;P:Bassan;P:Poppers;W:Cercle de Padoue,,],crops/42_0140_L_011.jpg
42,140,R,38,B,,Thor,,seiner thor Zoll angeschriebene,crops/42_0140_R_038.jpg
42,141,L,12,B,,W:Cercle de Padoue,,de,crops/42_0141_L_012.jpg
42,141,L,21,B,,Lieu:Ashkenaz,,Johreski oder Abraham Berlin,crops/42_0141_L_021.jpg
42,141,R,39,B,,Lieu:Nord,,in limitetibus Amsterdam Bremen,crops/42_0141_R_039.jpg
42,142,L,3,B,,Lieu:Route Alpes,,das hier in hostierteln Chur,crops/42_0142_L_003.jpg
42,142,R,55,B,,Lieu:Nord,,"Hamburg, die gemtage vnd",crops/42_0142_R_055.jpg
42,143,R,62,B,,Lieu:Italie;Nacht;P:Bassan;P:Poppers;W:Cercle de Padoue,,*,crops/42_0143_R_062.jpg
42,143,R,69,B,,Censur,,Confication bet¬,crops/42_0143_R_069.jpg
42,144,L,17,B,,Lieu:Route Alpes,,Chur Magurth Mandatidt,crops/42_0144_L_017.jpg
42,144,L,28,B,,Begraben,,dan solchem gleich tags darauff noch den Schwarten,crops/42_0144_L_028.jpg
42,144,L,30,B,,Schriften,,Alßo Schriften aufgebracht,crops/42_0144_L_030.jpg
42,144,R,68,B,,Begraben,,"Durchleich verlaßen worden, wohin mannd solches",crops/42_0144_R_068.jpg
42,145,L,28,B,,Nacht,,solche verlesung worden /: furnachts solch auff,crops/42_0145_L_028.jpg
42,146,L,12,B,,Lieu:Route Alpes,,der Stadt Nurnberg zwei,crops/42_0146_L_012.jpg
42,146,R,41,B,,Lieu:Nord,,Mannshor Hamburgk,crops/42_0146_R_041.jpg
42,146,R,53,B,,Lieu:Italie,,"bracht, welcher gestalten",crops/42_0146_R_053.jpg
42,147,L,2,B,,Lieu:Italie,,Lichenschen welcher nebst,crops/42_0147_L_002.jpg
42,147,L,12,B,,Lieu:Italie,,"auffzutragen, welcher",crops/42_0147_L_012.jpg
42,147,L,13,B,,Lieu:Nord,,mitt dem Hamburgk vnd,crops/42_0147_L_013.jpg
42,147,L,26,B,,Lieu:Nord,,der sodarann hat der elben qua hen vnd Holland auff¬,crops/42_0147_L_026.jpg
42,147,L,29,B,,Lieu:Italie,,"referirt, welcher Gesolden,",crops/42_0147_L_029.jpg
42,147,R,42,B,,Lieu:Route Alpes,,damit Ehr die Sache 6 Chur,crops/42_0147_R_042.jpg
42,147,R,65,B,,Lieu:Nord,,Hamburg Schutz gekor sambst,crops/42_0147_R_065.jpg
42,148,R,38,B,,Lieu:Route Alpes,,schreibens fur den herrn Chur¬,crops/42_0148_R_038.jpg
42,148,R,43,B,,Fuhre,,auch fuhren van rechten p,crops/42_0148_R_043.jpg
42,149,R,47,B,,Lieu:Route Alpes,,Nurnburg wegen seines,crops/42_0149_R_047.jpg
42,151,L,27,B,,Lieu:Nord,,Hamburgwar :/:,crops/42_0151_L_027.jpg
42,154,L,5,B,,Lieu:Nord,,Hamburg gehen.,crops/42_0154_L_005.jpg
42,154,R,35,B,,Lieu:Nord,,den beambten Hamburg zu,crops/42_0154_R_035.jpg
42,154,R,41,B,,Lieu:Nord,,an die stadt conde in holland,crops/42_0154_R_041.jpg
42,156,L,6,B,,Fuhre,,"achter einzurichten sich führte,",crops/42_0156_L_006.jpg
42,156,R,43,B,,Nacht,,2   nachtheiligen,crops/42_0156_R_043.jpg
42,158,L,7,B,,Begraben,,"gleich verlesen worden gebetten,",crops/42_0158_L_007.jpg
42,158,L,9,B,,Fuhre,,"Brau entfuhren wolle, in aegt",crops/42_0158_L_009.jpg
42,158,L,16,B,,Lieu:Route Alpes,,requisitoriales von der Chur¬,crops/42_0158_L_016.jpg
42,158,L,27,B,,Censur,,sarten & Commissarit zu gelangen und,crops/42_0158_L_027.jpg
42,159,L,20,B,,Thor,,Jnthor instruction Thor Syndico,crops/42_0159_L_020.jpg
42,159,R,45,B,,Lieu:Nord,,vnd Holland zu schreiben auch,crops/42_0159_R_045.jpg
42,159,R,64,B,,Lieu:Italie,,"erstattung seines berichts, welcher",crops/42_0159_R_064.jpg
42,161,L,17,B,,Thor,,"Anschließen, und höchst denen¬",crops/42_0161_L_017.jpg
42,162,L,2,B,,Lieu:Nord,,"nach wegen, die mit Amsterdam handlen¬",crops/42_0162_L_002.jpg
42,162,L,33,B,,Fuhre,,Von Löbhr Führen ambts wegen nach¬,crops/42_0162_L_033.jpg
42,163,R,37,B,,Lieu:Route Alpes,,der stadt Augspurg die reumung,crops/42_0163_R_037.jpg
42,164,L,9,B,,Lieu:Route Alpes,,das stuck 40. Rthlr an Ihro Chur¬,crops/42_0164_L_009.jpg
42,164,L,19,B,,Begraben,,"Legijß: Compag eine gleiche dienste thun,",crops/42_0164_L_019.jpg
42,164,L,25,B,,Begraben,,"Standten ihren gleich zu machen segen,",crops/42_0164_L_025.jpg
42,164,L,27,B,,Begraben,,"7tens. die Munsterung anietzo so gleich,",crops/42_0164_L_027.jpg
42,164,R,52,B,,Lieu:Italie,,"zu rechworffen, Welcher sodan¬",crops/42_0164_R_052.jpg
42,166,R,49,B,,Lieu:Nord;Lieu:Route Alpes,,Städte Hamburg und Augspurg,crops/42_0166_R_049.jpg
42,167,L,20,B,,Lieu:Ashkenaz,,bericht fürter erfordern und,crops/42_0167_L_020.jpg
42,167,L,32,B,,Lieu:Nord,,der hochgriffe Hamburgk bierdaimen,crops/42_0167_L_032.jpg
42,167,R,60,B,,Lieu:Nord,,befänder des Hoffsaths Hamburg,crops/42_0167_R_060.jpg
42,167,R,65,B,,versiegelt,,daß so dann alles obsignirt,crops/42_0167_R_065.jpg
42,168,R,44,B,,Lieu:Nord,,dero auff der Hamburg. ein Ver¬,crops/42_0168_R_044.jpg
42,168,R,49,B,,Schriften,,mit der Vorhabenden bucher Lotten.,crops/42_0168_R_049.jpg
42,169,L,34,B,,Fuhre,,"fuhr gefürden welche, bord zum",crops/42_0169_L_034.jpg
42,169,L,35,B,,Fuhre,,soll sich zu vnfuhren.,crops/42_0169_L_035.jpg
42,169,L,42,B,,Lieu:Italie,,Welcher rehör sich schrifftl eingegiret,crops/42_0169_L_042.jpg
42,169,R,66,B,,Schriften,,"dasprechen, die schrifften Vorsul¬",crops/42_0169_R_066.jpg
42,171,L,6,B,,Censur,,Ao Jhre Ober Commissario von den,crops/42_0171_L_006.jpg
42,171,R,50,B,,Lieu:Nord,,"den Ambtmann Hamburg, den",crops/42_0171_R_050.jpg
42,172,L,4,B,,Begraben,,"fleichw, soll Westh, darbeßen",crops/42_0172_L_004.jpg
42,172,L,14,B,,Begraben,,"nebst einem Cantztlischen so gleich hiraus schicken, dan",crops/42_0172_L_014.jpg
42,172,L,19,B,,Begraben,,Kirchoff begraben laßen.,crops/42_0172_L_019.jpg
42,172,R,67,B,,Lieu:Italie,,Iambder Italiener daselbst,crops/42_0172_R_067.jpg
42,173,L,22,B,,Nacht,,nacht in der schuver eines unge¬,crops/42_0173_L_022.jpg
42,174,L,1,B,,Lieu:Ashkenaz,,des tags und Salari zu Wien,crops/42_0174_L_001.jpg
42,174,L,17,B,,Begraben,,ex schleichen Billig du Freme,crops/42_0174_L_017.jpg
42,174,L,31,B,,Nacht,,gemäß ihre hände des nachts in deren,crops/42_0174_L_031.jpg
42,174,R,49,B,,Erlaubnis,,vber der verlesen worden /: Communitter Vor der Correspondinem Concessionio,crops/42_0174_R_049.jpg
42,174,R,63,B,,Begraben,,der stadt Wormbß in radschleicher,crops/42_0174_R_063.jpg
42,174,R,65,B,,Begraben,,Gleichnern verlesten worden: | Committur.,crops/42_0174_R_065.jpg
42,175,L,10,B,,Wacht,,"um abfuhrung der Wacht gebetten,",crops/42_0175_L_010.jpg
42,175,L,16,B,,Begraben,,andere dero schultheß zugleich von der handtischen zuerwe¬,crops/42_0175_L_016.jpg
42,175,L,18,B,,Wacht,,der abwechsabung der Wacht,crops/42_0175_L_018.jpg
42,175,R,36,B,,Erlaubnis,,erlaubnuß des jungeren Ehrbü¬,crops/42_0175_R_036.jpg
42,175,R,37,B,,Lieu:Italie,,"germeisters reden solle, welcher",crops/42_0175_R_037.jpg
42,175,R,50,B,,Schriften,,Zu schrifften,crops/42_0175_R_050.jpg
42,175,R,58,B,,Erlaubnis,,und gegen zu Verstattende commu¬,crops/42_0175_R_058.jpg
42,176,R,51,B,,Lieu:Italie,,welcher vorgibt vor denen Priuw,crops/42_0176_R_051.jpg
42,178,R,37,B,,Lieu:Italie,,Erbarnn frembder Italiener,crops/42_0178_R_037.jpg
42,179,L,3,B,,Lieu:Ashkenaz,,Von der stadt fhurth vnd Ehrfland,crops/42_0179_L_003.jpg
42,179,R,43,B,,Fuhre,,herrschafftlichen orths fuhren hinc¬,crops/42_0179_R_043.jpg
42,179,R,55,B,,Lieu:Route Alpes,,in Augspurg des hernhaltenen und,crops/42_0179_R_055.jpg
42,180,L,26,B,,Begraben,,Alß eine dito in ea Ostere gfleichs,crops/42_0180_L_026.jpg
42,181,L,13,B,,Lieu:Route Alpes,,der stadt Augspurg die Wieder,crops/42_0181_L_013.jpg
42,181,L,21,B,,Lieu:Route Alpes,,dem Chur Christ: und bischafft,crops/42_0181_L_021.jpg
42,181,R,34,B,,Begraben,,Hierßigen gleichsverdas orths,crops/42_0181_R_034.jpg
42,182,L,24,B,,Lieu:Route Alpes,,9 Chur M: Regier: de non vice,crops/42_0182_L_024.jpg
42,182,R,50,B,,Censur,,Commissarii hiesige ausgebrachte,crops/42_0182_R_050.jpg
42,182,R,57,B,,Begraben,,vnd geleichths straße passirte schla¬,crops/42_0182_R_057.jpg
42,183,L,20,B,,Nacht,,laßen sich dießer sache mit nachtwitt,crops/42_0183_L_020.jpg
42,183,R,42,B,,Schriften,,Irapp über das bücher: Commissa¬,crops/42_0183_R_042.jpg
42,183,R,59,B,,Nacht,,Zwischen seite vnd nachst vorstehende,crops/42_0183_R_059.jpg
42,184,L,6,B,,Lieu:Italie,,Welcher Worden: ß,crops/42_0184_L_006.jpg
42,184,L,9,B,,Lieu:Nord,,meister Seitt Amburg Willfahren.,crops/42_0184_L_009.jpg
42,184,L,26,B,,Lieu:Nord,,"Hamburg, Ambt demn",crops/42_0184_L_026.jpg
42,184,R,34,B,,Erlaubnis,,So dann ist auff erstattete Ecla¬,crops/42_0184_R_034.jpg
42,185,L,10,B,,Thor,,die von Thor Ober anbtmann,crops/42_0185_L_010.jpg
42,185,L,19,B,,Schriften,,handlers allhier das Bucher-Commu¬,crops/42_0185_L_019.jpg
42,185,R,33,B,,Juden,,mundico dem Juden Mohts hal¬,crops/42_0185_R_033.jpg
42,186,R,41,B,,Censur,,Buchar: Commissariat durch deßen,crops/42_0186_R_041.jpg
42,187,L,11,B,,Fuhre,,"ris anders Erbarnohrt Botocoll zu fuhren,",crops/42_0187_L_011.jpg
42,187,R,41,B,,Lieu:Route Alpes,,zu Augspurg eingeloffene subscunt:,crops/42_0187_R_041.jpg
42,187,R,59,B,,Schriften,,"bücher, Commission ergehende ge¬",crops/42_0187_R_059.jpg
42,188,L,33,B,,Lieu:Nord,,"Hamburgk Landtsch, den boßhaffter",crops/42_0188_L_033.jpg
42,188,R,60,B,,Schriften,,"bleiben, es sollen auch die Bucher",crops/42_0188_R_060.jpg
42,188,R,62,B,,Begraben,,Rohann an die Teutschen eifleichs,crops/42_0188_R_062.jpg
42,189,L,16,B,,Lieu:Nord,,So dann ist die hamburg: und Nurnburgk,crops/42_0189_L_016.jpg
42,189,L,17,B,,Fuhre,,Waegen guldts affaire auf durch verpo¬,crops/42_0189_L_017.jpg
42,189,L,33,B,,Schriften,,schrifften certificats ad reputation,crops/42_0189_L_033.jpg
42,189,R,63,B,,Lieu:Route Alpes,,Nurnbergen den inhafftirten Jeden,crops/42_0189_R_063.jpg
42,190,L,1,B,,Lieu:Nord,,die zu abbauung. Eines Hamburgk,crops/42_0190_L_001.jpg
42,190,L,26,B,,Lieu:Nord,,rung zu hamburg die ausliessung,crops/42_0190_L_026.jpg
42,190,R,40,B,,Lieu:Ashkenaz,,Trauß und der Stadt Franckfurth,crops/42_0190_R_040.jpg
42,190,R,46,B,,Schriften,,Alß eine schrifften Protestation und,crops/42_0190_R_046.jpg
42,190,R,55,B,,Censur,,Ihn beider Commissarirt ein,crops/42_0190_R_055.jpg
42,191,L,7,B,,Lieu:Nord,,Johann Heltor Von Hamburg in,crops/42_0191_L_007.jpg
42,191,R,45,B,,Begraben,,* vorgleichmeitige,crops/42_0191_R_045.jpg
42,192,L,1,B,,Lieu:Route Alpes,,Alß ein vorschreiben Von der Chur¬,crops/42_0192_L_001.jpg
42,192,L,19,B,,Begraben,,Jahrischen Vergleichs zu communi¬,crops/42_0192_L_019.jpg
42,192,R,31,B,,Lieu:Route Alpes,,zu Augspurg das herntzelmann:,crops/42_0192_R_031.jpg
42,193,L,19,B,,Lieu:Nord,,Hamburg und 2. zeugen ge¬,crops/42_0193_L_019.jpg
42,193,R,47,B,,Fuhre,,"Vorhl fuhren laßen, der schiffnere",crops/42_0193_R_047.jpg
42,194,L,2,B,,Juden,,Regierung zu sputtgard den Jüden,crops/42_0194_L_002.jpg
42,194,L,13,B,,Lieu:Route Alpes,,"28 resolvirt worden, dem Chur¬",crops/42_0194_L_013.jpg
42,195,R,38,B,,Thor,,am fridtbreger thor befindliche,crops/42_0195_R_038.jpg
42,195,R,49,B,,Lieu:Nord,,die angelangte Hamburg der,crops/42_0195_R_049.jpg
42,195,R,52,B,,Wacht,,"Alß eine so publicirte, nöthigwachtete",crops/42_0195_R_052.jpg
42,195,R,56,B,,Censur,,des Kaijßeck hochw: Commissarirte,crops/42_0195_R_056.jpg
42,196,L,3,B,,Schriften,,nichtbucher Dom Wahren Christen¬,crops/42_0196_L_003.jpg
42,196,L,30,B,,Lieu:Route Alpes,,sache bereits droben beij Ihre Chur¬,crops/42_0196_L_030.jpg
42,197,L,21,B,,Begraben,,Stadt auch Kindtleich gebuhrten Ver¬,crops/42_0197_L_021.jpg
42,197,R,43,B,,Lieu:Italie,,welcher auff seinem Hoff,crops/42_0197_R_043.jpg
42,197,R,45,B,,Begraben,,Alligion eine leichen Predacht,crops/42_0197_R_045.jpg
42,197,R,57,B,,Lieu:Nord,,denen Niederlanden ab: vndzugehen¬,crops/42_0197_R_057.jpg
42,198,L,3,B,,Lieu:Ashkenaz,,in Wien subristirenden Stadt,crops/42_0198_L_003.jpg
42,198,L,4,B,,Lieu:Nord,,Hamburgk Syndico herren Ricken,crops/42_0198_L_004.jpg
42,198,L,15,B,,Lieu:Nord,,"Hamburgk, vnd den Zehenden Pfen¬",crops/42_0198_L_015.jpg
42,198,L,27,B,,Schriften,,schrifften bericht und guthachten,crops/42_0198_L_027.jpg
42,198,L,29,B,,Lieu:Italie;Nacht;P:Bassan;P:Poppers,,N,crops/42_0198_L_029.jpg
42,198,L,30,B,,Begraben,,Alß der schwederschleich um notheilung,crops/42_0198_L_030.jpg
42,198,R,64,B,,Begraben,,auff den fall solche Vorhero gleichter,crops/42_0198_R_064.jpg
42,199,L,8,B,,Lieu:Nord,,die Niederlande vff der verlaßen,crops/42_0199_L_008.jpg
42,199,L,14,B,,Nacht,,Alß hierauff das Von nachst vor¬,crops/42_0199_L_014.jpg
42,199,R,57,B,,versiegelt,,siegelt daruber ertheilet wer¬,crops/42_0199_R_057.jpg
42,200,L,5,B,,Erlaubnis,,Keine Werburg allhier verstattet,crops/42_0200_L_005.jpg
42,200,L,19,B,,Lieu:Route Alpes,,fal zu Augspurg das heintzelmann¬,crops/42_0200_L_019.jpg
42,201,L,6,B,,Begraben,,gleich Praen cum divertis Con¬,crops/42_0201_L_006.jpg
42,201,L,17,B,,Fuhre,,"rung, das von denen frohrfuhren",crops/42_0201_L_017.jpg
42,201,R,66,B,,Lieu:Route Alpes,,der Chur Magthsprach mahls zu suchen ergierung,crops/42_0201_R_066.jpg
42,202,L,18,B,,Lieu:Route Alpes,,der Chur Mayetzschen Regie¬,crops/42_0202_L_018.jpg
42,203,L,8,B,,Lieu:Route Alpes,,an Chur Meyetz die daßige guer¬,crops/42_0203_L_008.jpg
42,204,L,12,B,,Begraben,,bischwach beeder Verlesen worden /: J: solle man ihn so gleich,crops/42_0204_L_012.jpg
42,204,L,21,B,,Lieu:Route Alpes,,auch das Von Chur Maijetz der desfalls,crops/42_0204_L_021.jpg
42,204,R,69,B,,Fuhre,,stadt herfortt in ca fuhr¬,crops/42_0204_R_069.jpg
42,206,L,31,B,,Begraben,,Vorsitzenden gutlichen Vergleich wegen,crops/42_0206_L_031.jpg
42,206,R,54,B,,versiegelt,,unter seinem siegel zu deponi¬,crops/42_0206_R_054.jpg
42,206,R,69,B,,Thor,,Stölle man den Pfarrthorer Soll er¬,crops/42_0206_R_069.jpg
42,207,L,27,B,,Schriften,,Wegen des hiesi Schriften Bunebrauen,crops/42_0207_L_027.jpg
42,208,L,18,B,,Wacht,,dern das seine /: ohnwachtet er viel,crops/42_0208_L_018.jpg
42,208,R,45,B,,Begraben,,stehenden vergleichs ausgerichtet vnd wie,crops/42_0208_R_045.jpg
42,209,R,48,B,,Schriften,,bucher durch seiner buchhaltten vnd jungen,crops/42_0209_R_048.jpg
42,210,L,7,B,,Begraben,,"durch der Leichenbutter Lachneuch, und den herrn Meßinger",crops/42_0210_L_007.jpg
42,210,L,12,B,,Begraben,,biß zu abfuhrung der Leiche Von,crops/42_0210_L_012.jpg
42,210,R,44,B,,Lieu:Nord,,Hamburg wegen der gewechsalti¬,crops/42_0210_R_044.jpg
42,210,R,64,B,,Begraben,,schreider schleiche 9 die Maijtt:,crops/42_0210_R_064.jpg
42,211,L,13,B,,Begraben,,Alß Anno Christian Gijhleichwirn,crops/42_0211_L_013.jpg
42,212,L,7,B,,Begraben,,in caar schleichnen g,crops/42_0212_L_007.jpg
42,212,L,29,B,,Begraben,,gleich vff der verlesen instandt refe¬,crops/42_0212_L_029.jpg
42,212,R,64,B,,Begraben,,"gleichen, Wegen derer herrn",crops/42_0212_R_064.jpg
42,213,L,1,B,,Lieu:Nord,,gnaden zu hamburgen und Wurten.,crops/42_0213_L_001.jpg
42,213,R,39,B,,Wacht,,"Borgenwacht, es habe der Clagische",crops/42_0213_R_039.jpg
42,213,R,42,B,,Wacht,,Wacht beym mal auff dem aller¬,crops/42_0213_R_042.jpg
42,213,R,66,B,,Cohen (bruit fort),,Kohlen nicht allein beij sich habe,crops/42_0213_R_066.jpg
42,213,R,67,B,,Fuhre,,sendern auch sonsten fuhr anfldig,crops/42_0213_R_067.jpg
42,214,R,44,B,,Nacht,,Inventur Caßner nachtgemel¬,crops/42_0214_R_044.jpg
42,214,R,49,B,,Schriften,,bezug schriftigen Crayß voti zu,crops/42_0214_R_049.jpg
42,214,R,54,B,,Lieu:Ashkenaz,,(4 . ) ob die Stadt Franckfurth,crops/42_0214_R_054.jpg
42,214,R,61,B,,Begraben,,abwurdigung eine gleichheit zu,crops/42_0214_R_061.jpg
42,215,L,12,B,,Schriften,,der schrifften communication aber,crops/42_0215_L_012.jpg
42,215,L,13,B,,Begraben,,"gleich zu abstrakiren, iegleichenn",crops/42_0215_L_013.jpg
42,215,L,38,B,,Lieu:Ashkenaz,,man von suchen dero stadt Herrn Abfurth,crops/42_0215_L_038.jpg
42,215,R,42,B,,Begraben,,muntz Verfall die nun einzugleichen rue¬,crops/42_0215_R_042.jpg
42,215,R,47,B,,Begraben,,"Könte zugleich im Kontrauen gesagt,",crops/42_0215_R_047.jpg
42,216,L,26,B,,Begraben,,tage vnderschietliche erharttung dergleichs,crops/42_0216_L_026.jpg
42,216,R,34,B,,Fuhre,,fuhr der neuen silberman munt¬,crops/42_0216_R_034.jpg
42,216,R,38,B,,Begraben,,dergleichen Zahlung zugeschickt,crops/42_0216_R_038.jpg
42,216,R,68,B,,Lieu:Ashkenaz,,Wien gehen und hinnebergeschla¬,crops/42_0216_R_068.jpg
42,217,L,9,B,,Begraben,,Rei mittelst praeiudig das gleichs auch habende uberschlagen,crops/42_0217_L_009.jpg
42,217,L,17,B,,Lieu:Route Alpes,,Alß ein schreiben Von der Chur¬,crops/42_0217_L_017.jpg
42,217,R,62,B,,Begraben,,"numehr auch, das alkleich",crops/42_0217_R_062.jpg
42,217,R,67,B,,Lieu:Italie,,"ihren eggener spruch, welchen sie",crops/42_0217_R_067.jpg
42,218,L,16,B,,Begraben,,"gebrachten vnd zugleich verleßen,",crops/42_0218_L_016.jpg
42,218,L,19,B,,Lieu:Italie,,"ein Venetianij hat angegeben worden,",crops/42_0218_L_019.jpg
42,219,R,34,B,,Fuhre,,fuhr der altten muntzen und dem 4ten,crops/42_0219_R_034.jpg
42,219,R,43,B,,Lieu:Ashkenaz,,nischen fuhrfurthen vnd achtig¬,crops/42_0219_R_043.jpg
42,219,R,46,B,,Thor,,"dem thor sprit Vorgefallen,",crops/42_0219_R_046.jpg
42,219,R,48,B,,Begraben,,zugleich verlesen berichts das,crops/42_0219_R_048.jpg
42,220,R,43,B,,Lieu:Route Alpes,,Ihro Chur zur schrei= drifft von der Pfalt,crops/42_0220_R_043.jpg
42,221,L,31,B,,Lieu:Nord,,sie Von hinc in holland um ihrem examen,crops/42_0221_L_031.jpg
42,221,L,33,B,,Wacht,,"so sie gewacht haben sollen bezahlet, zu conventiren setzen.",crops/42_0221_L_033.jpg
42,221,R,36,B,,Lieu:Nord,,zu Hamburg sambt angezogener,crops/42_0221_R_036.jpg
42,221,R,42,B,,Begraben,,in causa Schleichp. 9. de Mirth Meißen worden :/: Expediebne,crops/42_0221_R_042.jpg
42,221,R,48,B,,Schriften,,geren niederfclerbucher unter¬,crops/42_0221_R_048.jpg
42,221,R,51,B,,Fuhre,,Solle man den fuhrmann gegen,crops/42_0221_R_051.jpg
42,221,R,58,B,,Wacht,,rial Wachtmeister von Welche,crops/42_0221_R_058.jpg
42,223,R,38,B,,Begraben,,"Worffene Concept zugleich vorlesen Morh: Expedicten,",crops/42_0223_R_038.jpg
42,224,L,9,B,,Lieu:Nord,,"Hamburg, die Von",crops/42_0224_L_009.jpg
42,224,L,27,B,,Begraben,,bald. nicht dem in gleicher materi,crops/42_0224_L_027.jpg
42,224,R,48,B,,Lieu:Route Alpes,,Chur Magurf vnd hinrüischen,crops/42_0224_R_048.jpg
42,224,R,52,B,,Begraben,,ihren lastiren zu gleich nochmahl,crops/42_0224_R_052.jpg
42,225,L,9,B,,Lieu:Route Alpes,,Chur Magitur,crops/42_0225_L_009.jpg
42,225,L,10,B,,Schriften,,"Adertz schritten, zu vermey¬",crops/42_0225_L_010.jpg
42,225,L,29,B,,Erlaubnis,,"bericht zu erstatten, Weniger nicht",crops/42_0225_L_029.jpg
42,226,R,55,B,,Begraben,,"hatte ein gleiches gesorgen, und",crops/42_0226_R_055.jpg
42,227,L,9,B,,Nacht,,Vnachtenn und so dann das,crops/42_0227_L_009.jpg
42,227,L,24,B,,Lieu:Route Alpes,,der abschrifft des Chur= Pfaltzbod,crops/42_0227_L_024.jpg
42,228,L,7,B,,Schriften,,falls schrifften Vorstellung,crops/42_0228_L_007.jpg
42,228,R,34,B,,Lieu:Ashkenaz,,ad Franckfurth pro Oßnaburg.,crops/42_0228_R_034.jpg
42,229,L,19,B,,Fuhre,,"dahin stellend, ob zu willfuhren: /: Stette man Willfahren",crops/42_0229_L_019.jpg
42,229,R,59,B,,Begraben,,"und gedte zu leicht zu passrangk geben, solln man occasion beij",crops/42_0229_R_059.jpg
42,230,L,18,B,,Thor,,"seiner thor die anzeige gethan,",crops/42_0230_L_018.jpg
42,230,R,38,B,,Begraben,,nachdem aber extraordinar zugleich wie,crops/42_0230_R_038.jpg
42,231,L,18,B,,Thor,,"seiner thor die anzeige gethan,",crops/42_0231_L_018.jpg
42,231,R,38,B,,Begraben,,nachdem aber extraordat Zugleich wie,crops/42_0231_R_038.jpg
42,232,L,0,B,,Lieu:Route Alpes,,Alß am Concept: ßbruber an die Chur- 452,crops/42_0232_L_000.jpg
42,232,L,8,B,,Begraben,,an hochbesagten Fursten zugleicher,crops/42_0232_L_008.jpg
42,232,R,42,B,,Begraben,,"gleichen beijmaßen, enthir sie biß",crops/42_0232_R_042.jpg
42,232,R,45,B,,Lieu:Italie,,welchen sie jedoch alßbarn zu leisten,crops/42_0232_R_045.jpg
42,232,R,66,B,,Begraben,,vnd gefunden werden thun bey dahin Dalle man solches so gleich wie,crops/42_0232_R_066.jpg
42,233,L,4,B,,Nacht,,"ret, was gestallten am nachst ver¬",crops/42_0233_L_004.jpg
42,233,R,45,B,,Begraben,,"vel Domiciti, imgleichem delicti¬",crops/42_0233_R_045.jpg
42,235,L,9,B,,Lieu:Nord,,"gnaden zu Hamburg, und Wirthburg,",crops/42_0235_L_009.jpg
42,235,L,27,B,,Fuhre,,fuhr aber erhoben.,crops/42_0235_L_027.jpg
42,235,R,28,B,,Juden,,Alß eine Scheinla duplois in ao der Jüden,crops/42_0235_R_028.jpg
42,235,R,57,B,,Begraben,,anzeige und gleichmäßige bitten,crops/42_0235_R_057.jpg
42,236,R,64,B,,Lieu:Nord,,hochfursten gnaden zu Hamburg,crops/42_0236_R_064.jpg
42,237,R,49,B,,Lieu:Route Alpes,,Stadt Nurnberg wegrawes,crops/42_0237_R_049.jpg
42,238,L,20,B,,Lieu:Ashkenaz,,H. Maytte der Ministerium zu Erffurth,crops/42_0238_L_020.jpg
42,238,R,36,B,,Lieu:Ashkenaz,,nacher wien versendet worden.,crops/42_0238_R_036.jpg
42,240,L,13,B,,Juden,,so im Judenthumb Joseph Jacob,crops/42_0240_L_013.jpg
42,240,R,42,B,,Lieu:Ashkenaz,,vnd Rath der stadt Frankfurth,crops/42_0240_R_042.jpg
42,240,R,48,B,,Lieu:Nord,,Hamburg in pro devationis,crops/42_0240_R_048.jpg
42,242,L,7,B,,Lieu:Route Alpes,,Alß ein concept schreibens an die Chur¬,crops/42_0242_L_007.jpg
42,243,L,21,B,,Lieu:Italie;Nacht;P:Bassan;P:Poppers;W:Cercle de Padoue,,*,crops/42_0243_L_021.jpg
42,243,R,57,B,,Erlaubnis,,"verstattet werden zu behuff,",crops/42_0243_R_057.jpg
42,243,R,63,B,,Begraben,,gleich Wohlen gegen das auff die,crops/42_0243_R_063.jpg
42,243,R,65,B,,Begraben,,dergleichen forten mit einiger auß Reichstel einzufauffen 1./: ß. wollen,crops/42_0243_R_065.jpg
42,244,L,16,B,,Erlaubnis,,"richt erstattet, ob sie noch et¬",crops/42_0244_L_016.jpg
42,246,L,5,B,,Lieu:Nord,,Hamburg vff verlesen worden /: Expediatae,crops/42_0246_L_005.jpg
42,246,L,9,B,,Begraben,,Magistrat zu Leichzig supplicirli: Colla man hirunter woll¬,crops/42_0246_L_009.jpg
42,246,R,51,B,,Begraben,,gleichen begnadtragen zu verschonet,crops/42_0246_R_051.jpg
42,246,R,60,B,,Lieu:Nord,,Von der Stadt Hamburg in pto,crops/42_0246_R_060.jpg
42,247,L,6,B,,Begraben,,"Engleichter handlungs: bedienten,",crops/42_0247_L_006.jpg
42,247,R,39,B,,Wacht,,die hauptwacht gekommen mist vonn,crops/42_0247_R_039.jpg
42,247,R,64,B,,Lieu:Nord,,der Hochfursten wißen Hamburgi¬,crops/42_0247_R_064.jpg
42,249,L,21,B,,Fuhre,,"vor diejenige fuhren, so zu dem her¬",crops/42_0249_L_021.jpg
42,249,L,26,B,,Fuhre,,"fuhren gehabt haben, und sodann",crops/42_0249_L_026.jpg
42,249,L,30,B,,Lieu:Nord,,"Hamburg, den inhalfftirten Jeden",crops/42_0249_L_030.jpg
42,249,R,39,B,,Wacht,,"Mayk geldts, ohnwachtet gehabter,",crops/42_0249_R_039.jpg
42,249,R,49,B,,Kiste,,ungs: Ambt vnd im Kasten sich dar¬,crops/42_0249_R_049.jpg
42,249,R,50,B,,Fuhre,,"ßer leuthwagen, und besonders",crops/42_0249_R_050.jpg
42,249,R,64,B,,Juden,,des Jüdischen schuhl beans vor eine,crops/42_0249_R_064.jpg
42,250,L,17,B,,Fuhre,,"daß das Protocoll fuhre, der Acta¬",crops/42_0250_L_017.jpg
42,253,L,7,B,,Begraben,,"nen darauff bedeuten, dergleich",crops/42_0253_L_007.jpg
42,253,L,11,B,,Begraben,,in dergleich fällen zu thun und zu,crops/42_0253_L_011.jpg
42,253,L,19,B,,Fuhre,,hinc inde einzuführenden neuen und Receßen,crops/42_0253_L_019.jpg
42,253,R,37,B,,Begraben,,gleiche arth ihr Zittel von anno,crops/42_0253_R_037.jpg
42,254,L,30,B,,Lieu:Nord,,Hamburg verblichten werden,crops/42_0254_L_030.jpg
42,254,R,52,B,,Lieu:Nord,,Alß ein Collegt vnd Hamburgk,crops/42_0254_R_052.jpg
42,254,R,62,B,,Begraben,,"gleichen, vnd sie ledigß an die Reichs¬",crops/42_0254_R_062.jpg
42,255,L,15,B,,Lieu:Ashkenaz,,Wien schreiben sub num: 1790.,crops/42_0255_L_015.jpg
42,256,R,13,B,,Begraben,,"umstandten nach, dergleichen",crops/42_0256_R_013.jpg
42,256,R,16,B,,Lieu:Route Alpes,,"Wie zu Augspurg, zu befahren",crops/42_0256_R_016.jpg
42,257,R,9,B,,Lieu:Italie,,"bodenliche Capitalien betr., 1611.",crops/42_0257_R_009.jpg
42,257,R,16,B,,Lieu:Nord,,Luden H. Jn aff von ord: Hamburg.,crops/42_0257_R_016.jpg
42,257,R,27,B,,Schriften,,bücher Gottene,crops/42_0257_R_027.jpg
42,258,L,9,B,,Lieu:Nord,,"Baschick nachkommen, Hamburg zu bergen - - - Er E.",crops/42_0258_L_009.jpg
42,258,L,10,B,,Lieu:Route Alpes,,"Basel, Stadt, Schreiben daher, - - 6ij,",crops/42_0258_L_010.jpg
42,260,L,1,B,,Fuhre,,"fuhrmann, Christoph, von dem Weinhändler",crops/42_0260_L_001.jpg
42,261,R,27,B,,Lieu:Route Alpes,,re consultus zu Nürnberg pfle¬,crops/42_0261_R_027.jpg
42,261,R,40,B,,Lieu:Nord,,"Hamburg, heßen Cantztig, Schreiben von der Erbb: obe. 371493",crops/42_0261_R_040.jpg
42,262,L,19,B,,Nacht,,theils abgeschafft theils des nachts ein¬,crops/42_0262_L_019.jpg
42,262,L,31,B,,Begraben,,"sein Auffuhrung des Geleichths betr., 1690.",crops/42_0262_L_031.jpg
42,262,R,46,B,,Lieu:Nord,,"Hamburgischer Synd: H. Richtius, 485.",crops/42_0262_R_046.jpg
42,262,R,56,B,,Begraben,,Gleichern,crops/42_0262_R_056.jpg
42,262,R,76,B,,Lieu:Nord,,"Hamburg, Stadt, Schreiben dahin, 49. 1681.",crops/42_0262_R_076.jpg
42,266,L,3,B,,Begraben,,"Schleich, Michael, um ein Pro¬",crops/42_0266_L_003.jpg
42,266,L,34,B,,Lieu:Ashkenaz,,Schutzfurthen besischer dat: und Bartelschieder¬,crops/42_0266_L_034.jpg
42,266,R,52,B,,Begraben,,Schleicher G. de Westh:,crops/42_0266_R_052.jpg
42,266,R,63,B,,Lieu:Italie,,"Schmidt, Carl Otto, welcher von die Preußen",crops/42_0266_R_063.jpg
42,267,L,21,B,,Begraben,,Schleicherin Anna Christima G. Hiser in,crops/42_0267_L_021.jpg
42,268,R,33,B,,Lieu:Nord,, Amsterdam Stadt,crops/42_0268_R_033.jpg
42,269,L,4,B,,Lieu:Italie,,"anvent Collect, in welchen eine anstöstige",crops/42_0269_L_004.jpg
42,269,R,46,B,,Schriften,,"Auerbach, und Loichs. Schriftendbüding, 444 Rthlrig",crops/42_0269_R_046.jpg
42,270,R,58,B,,Schriften,,"Bucher, so entwendet werden seijen oder Vor¬",crops/42_0270_R_058.jpg
42,271,L,9,B,,Lieu:Nord,,Hamburgische,crops/42_0271_L_009.jpg
42,271,L,15,B,,Schriften,,"buchner, Buchhändler, Wegmeines nachgedruckten",crops/42_0271_L_015.jpg
42,271,L,18,B,,Lieu:Nord,,"beu Frß. Bralsh. laut, Hamburgh CämerRath, 73 9813 167.",crops/42_0271_L_018.jpg
42,271,L,19,B,,Erlaubnis,,"hält inn Erlaubens an, nach Ham¬",crops/42_0271_L_019.jpg
42,271,L,28,B,,Schriften,,"bücher Commissorial & Erb. Sachen., -",crops/42_0271_L_028.jpg
42,271,L,29,B,,Thor,,R.thor 1657. 1657.,crops/42_0271_L_029.jpg
42,271,R,57,B,,Lieu:Nord,,Summania Ihre Hollandische Rechten zu Colln p 1612 & 115.,crops/42_0271_R_057.jpg
42,271,R,72,B,,Lieu:Nord,,"letzin Ord: Wobezin Hamburgk, Erb:",crops/42_0271_R_072.jpg
42,271,R,78,B,,Lieu:Italie,,Italienische Handels-Luthe.,crops/42_0271_R_078.jpg
42,272,L,0,B,,Juden,,"bleibfreuß. Jüdische beuwistere, in",crops/42_0272_L_000.jpg
42,272,L,36,B,,Lieu:Ashkenaz,,"Berlin, Abrahem, Ied & d: Moniatenst:",crops/42_0272_L_036.jpg
42,272,R,88,B,,Lieu:Italie,,welchen theils die herrgedachten vnd vnd reiffere,crops/42_0272_R_088.jpg
42,273,L,17,B,,Lieu:Ashkenaz,,fürth G. hande.,crops/42_0273_L_017.jpg
42,273,L,26,B,,Wacht,,pagnie zur Wacht zu offere g,crops/42_0273_L_026.jpg
42,273,L,29,B,,Juden,,"Caßel, beer, Jüd. 9. Anna Barbara Reinhardia 294.",crops/42_0273_L_029.jpg
42,273,R,63,B,,Lieu:Route Alpes,,"Collectz, Chur Maijertzigen",crops/42_0273_R_063.jpg
42,274,R,43,B,,Begraben;Lieu:Nord,,desolate de 60 Rhthalerin gleichs in Amsterdam 72.,crops/42_0274_R_043.jpg
42,274,R,70,B,,Lieu:Nord,,dürung G. Amsterdam Braunschlagen. - - 400.,crops/42_0274_R_070.jpg
42,275,R,41,B,,Fuhre,,darmstättische fuhr mit bordingum fol¬,crops/42_0275_R_041.jpg
42,275,R,49,B,,Erlaubnis,,diemandt 9. ord: Fleischmann di Consession,crops/42_0275_R_049.jpg
42,276,L,7,B,,Lieu:Italie;Nacht;P:Bassan;P:Poppers;W:Cercle de Padoue,,#,crops/42_0276_L_007.jpg
42,276,R,24,B,,Begraben,,"Ein und funfziger furgeleichs, vndt, burgerliche",crops/42_0276_R_024.jpg
42,276,R,53,B,,Lieu:Nord,,"Julda, Hochfurstl. Räthe, Schreiben von Hamburgkbahr¬",crops/42_0276_R_053.jpg
42,276,R,64,B,,Lieu:Route Alpes,,"Erkling G. vid: Richter von Nurnberg,",crops/42_0276_R_064.jpg
42,277,L,32,B,,Thor,,Einlaß am Herseiner thor betztlo¬,crops/42_0277_L_032.jpg
42,277,R,37,B,,Lieu:Ashkenaz,,"Ehrfurth, Evangelisches directorium vor¬",crops/42_0277_R_037.jpg
42,278,R,11,B,,Schriften,,1528 / 24 Schriftes,crops/42_0278_R_011.jpg
42,278,R,18,B,,Lieu:Ashkenaz,,Frankfurth zu visitiren in poto Companeheni: 57. X 1500 Rhsthaus.,crops/42_0278_R_018.jpg
42,278,R,35,B,,Lieu:Route Alpes,,"brüchte, so freij zu passiren von Chur",crops/42_0278_R_035.jpg
42,278,R,41,B,,Fuhre,,wohnfuhren.,crops/42_0278_R_041.jpg
42,279,L,0,B,,Lieu:Ashkenaz,,"Franckfurth G. Hanau, Citationien, in",crops/42_0279_L_000.jpg
42,279,L,11,B,,Lieu:Route Alpes,,O. Chur Maijntzische Regie¬,crops/42_0279_L_011.jpg
42,279,L,13,B,,Lieu:Nord,,"G. Hamburg, (. totationis arrij:",crops/42_0279_L_013.jpg
42,279,L,22,B,,Begraben,,Gleich beim 9. vid: Hohenfgg.,crops/42_0279_L_022.jpg
42,279,L,31,B,,Begraben,,"Scheins vid: Spergleichen von observis,",crops/42_0279_L_031.jpg
42,279,R,56,B,,Lieu:Italie,,"Catsische Capitalien betr.,",crops/42_0279_R_056.jpg
42,280,R,52,B,,Lieu:Nord,,"Hamburg, sed Docto executionis Christiuretlinges 20. Alßl. 500.",crops/42_0280_R_052.jpg
42,280,R,76,B,,Lieu:Route Alpes,,Jewalts bott Chur Maijetzischer,crops/42_0280_R_076.jpg
42,280,R,87,B,,Lieu:Nord,,Gericht in Amsterdam desolte de Docto,crops/42_0280_R_087.jpg
42,281,L,12,B,,Fuhre,,"Gütherfuhren ord: fuhr Amt, Lob Co.",crops/42_0281_L_012.jpg
42,281,R,50,B,,Lieu:Route Alpes,,"Gräntzsteine, so Chur Maijntz schrif:",crops/42_0281_R_050.jpg
42,281,R,53,B,,Lieu:Italie,,"Höbel, welcher von Nödelheim fluchtig",crops/42_0281_R_053.jpg
42,281,R,75,B,,Begraben,,"Geleich- und Land: Straße, auf der¬",crops/42_0281_R_075.jpg
42,282,L,4,B,,Fuhre,,"Hentzel, buchführer.",crops/42_0282_L_004.jpg
42,282,L,15,B,,Lieu:Ashkenaz;Lieu:Route Alpes,,"Hudenus, Chur Maijetz Residentz Resident in Wien - 40.",crops/42_0282_L_015.jpg
42,282,R,39,B,,Nacht;P:Poppers,,H,crops/42_0282_R_039.jpg
42,283,L,0,B,,Lieu:Italie;Nacht;P:Bassan;P:Poppers;W:Cercle de Padoue,,E,crops/42_0283_L_000.jpg
42,283,L,4,B,,Lieu:Route Alpes,,Stwaß bei Jahrt sich Chur Maijtt,crops/42_0283_L_004.jpg
42,283,L,21,B,,Begraben,,Gleichwohl wird wegen begange¬,crops/42_0283_L_021.jpg
42,283,L,25,B,,Lieu:Route Alpes,,"Haeigenmanter Reichs Vogt zu Augspurg, - von Andreasiblichen",crops/42_0283_L_025.jpg
42,283,L,27,B,,Nacht,,Nachtrumb bef. vid: Sich:,crops/42_0283_L_027.jpg
42,283,L,31,B,,Wacht,,Haupt Wacht auf derselben gehen dige:,crops/42_0283_L_031.jpg
42,283,R,59,B,,Lieu:Nord,,"Hamburg, Hochfürst, Regierungs Creditus consilu¬",crops/42_0283_R_059.jpg
42,284,L,11,B,,Juden,,Jerteljudens Wittib contra Maurin,crops/42_0284_L_011.jpg
42,284,L,16,B,,Juden,,"Juden, getauffte, betr.,",crops/42_0284_L_016.jpg
42,284,L,21,B,,Lieu:Italie,,und welcher angebuhrlichen angeleget haben soll: - 107.,crops/42_0284_L_021.jpg
42,284,L,24,B,,Lieu:Nord,,"tagk, so disputiret Wir: ord: Hamburg.",crops/42_0284_L_024.jpg
42,284,L,28,B,,Schriften,,"Jacobi, Hergreuter, ord: Calbücher Jagd.",crops/42_0284_L_028.jpg
42,285,R,66,B,,W:Cercle de Padoue,,de,crops/42_0285_R_066.jpg
42,286,L,9,B,,Lieu:Italie,,"Kauffleuthen, hiesigen, welchen zu",crops/42_0286_L_009.jpg
42,286,L,17,B,,Censur,,Commissarij secret. vicod: dedet.,crops/42_0286_L_017.jpg
42,286,R,38,B,,Nacht,,"und Trawenlicher sachen betr. vnd Odernacht zu vorden, Regirung",crops/42_0286_R_038.jpg
42,286,R,59,B,,Lieu:Ashkenaz,,"Eck, Johann Cost, Monopolentier., 48t. bis: 346 vthb.",crops/42_0286_R_059.jpg
42,287,L,43,B,,Lieu:Italie,,"lerch, Monoppetier, welcher H. General vor",crops/42_0287_L_043.jpg
42,287,R,59,B,,Lieu:Route Alpes,,"Colterie Pferdt, seije dem Chur Maijtzi¬",crops/42_0287_R_059.jpg
42,287,R,64,B,,Lieu:Nord,,Hamburg erklängt vnd keinwandts haus gebuhr,crops/42_0287_R_064.jpg
42,287,R,75,B,,Lieu:Italie,,und welcher.,crops/42_0287_R_075.jpg
42,287,R,87,B,,Lieu:Italie,,"Lemmeische Capitalien betr.,",crops/42_0287_R_087.jpg
42,288,L,8,B,,Lieu:Route Alpes,,Langemantel Reichsfogt in Augspurg 169314 Rthlr 340 Rhthaler,crops/42_0288_L_008.jpg
42,288,L,25,B,,Begraben,,Leicher Predigt.,crops/42_0288_L_025.jpg
42,288,R,46,B,,W:Venise (signataires),,"Maintz, dahin gehirftes holz beil obd. holtz",crops/42_0288_R_046.jpg
42,288,R,65,B,,Schriften,,"Maijer, Jnd Jre Breitenbucher.",crops/42_0288_R_065.jpg
42,288,R,72,B,,Lieu:Route Alpes,,"Maijntz, Chur wieders nicht die bald hergebb: vnd",crops/42_0288_R_072.jpg
42,288,R,92,B,,Begraben,,"Kauffleichen, angehaltene waren orths 1528 p 151. 1691.",crops/42_0288_R_092.jpg
42,289,R,37,B,,Begraben,,Meigner Johann Christoph vnd Schleich¬,crops/42_0289_R_037.jpg
42,289,R,41,B,,Lieu:Route Alpes,,Maijntzig her Chur Unterthan ist ge¬,crops/42_0289_R_041.jpg
42,289,R,68,B,,Cohen (bruit fort),,H. Johannes Köhn,crops/42_0289_R_068.jpg
42,289,R,72,B,,Lieu:Nord,,"Meses, fod, vor Hamburg ausgetrettener 66. 3793. Trij,",crops/42_0289_R_072.jpg
42,290,L,17,B,,Lieu:Route Alpes,,"Nurnberg Stadt correspondentz, Hildeßbeck Händtlichs Qo 10 D 10 D 10 gich",crops/42_0290_L_017.jpg
42,290,L,28,B,,Lieu:Route Alpes,,Niederrödte distruet wird von Chur¬,crops/42_0290_L_028.jpg
42,290,L,29,B,,Lieu:Ashkenaz,,Maijtt disputirt die Franckfurths tage beij vorgehlen. Gloc.,crops/42_0290_L_029.jpg
42,290,R,41,B,,Begraben,,"vid: Graff, hoff-Kriegs Ratthgleich.",crops/42_0290_R_041.jpg
42,290,R,48,B,,Lieu:Route Alpes,,"Nurnberg, Bothen Ambt daselbst 259.",crops/42_0290_R_048.jpg
42,290,R,57,B,,Lieu:Route Alpes,,Nürnbergische Warmeister betrei¬,crops/42_0290_R_057.jpg
42,291,L,18,B,,Wacht,,Obrigwachtmeister du morant peto homi¬,crops/42_0291_L_018.jpg
42,291,L,31,B,,Fuhre,,Pfuhrende Correspondenten.,crops/42_0291_L_031.jpg
42,292,L,0,B,,P:Poppers,,B.,crops/42_0292_L_000.jpg
42,292,L,6,B,,Lieu:Italie;Nacht;P:Bassan;P:Poppers;W:Cercle de Padoue,,E,crops/42_0292_L_006.jpg
42,292,L,12,B,,Nacht;P:Poppers,,H,crops/42_0292_L_012.jpg
42,292,L,18,B,,Fuhre,,"Er Pfaltz, Churfursten durchl. Cuntelst einige wägen arentin, Jn",crops/42_0292_L_018.jpg
42,292,L,23,B,,Lieu:Italie;Nacht;P:Bassan;P:Poppers;W:Cercle de Padoue,,*,crops/42_0292_L_023.jpg
42,292,L,24,B,,Lieu:Route Alpes,,"Pfaltz, Chur Wechselericht.",crops/42_0292_L_024.jpg
42,292,L,26,B,,Nacht;P:Poppers,,H,crops/42_0292_L_026.jpg
42,292,L,28,B,,Lieu:Route Alpes,,"Pfaltz, Chur, Hoffe gericht.",crops/42_0292_L_028.jpg
42,292,L,37,B,,Schriften,,Pflicht Hern Herrn vffgeschrifften Kriegs Rath. 120. 35 Rthlr.,crops/42_0292_L_037.jpg
42,292,R,97,B,,Wacht,,"Provent. Wehl, so zu bewachen . 11.24. M.",crops/42_0292_R_097.jpg
42,292,R,102,B,,Lieu:Ashkenaz,,"Pohlen, Königl. Maijestät, oder Sachsen Churfursten durchl:",crops/42_0292_R_102.jpg
42,293,L,21,B,,Lieu:Route Alpes,,"Pfaltz, Chur, Victualien zur Hoff con¬",crops/42_0293_L_021.jpg
42,293,L,33,B,,Erlaubnis,,"Pluplici und deren erstattete berichte betr., 1618. 1981. M.",crops/42_0293_L_033.jpg
42,295,L,23,B,,Begraben,,Gleichlingische Sorecke. - - - - 145.,crops/42_0295_L_023.jpg
42,295,R,82,B,,Lieu:Route Alpes,,"Reichs Vogt, zu Augspurgvid: Langenmante",crops/42_0295_R_082.jpg
42,297,L,1,B,,P:Bassan,,S,crops/42_0297_L_001.jpg
42,297,L,23,B,,Bann,,Schulbarn,crops/42_0297_L_023.jpg
42,297,L,30,B,,Lieu:Nord,,"Seidlitz, das Amsterdamische testament betr., ge¬",crops/42_0297_L_030.jpg
42,297,R,90,B,,Lieu:Ashkenaz,,Spahningen Böhmen,crops/42_0297_R_090.jpg
42,297,R,91,B,,Lieu:Nord,,"Sachsische Ehrleuth 6. H. Anb: vor Hamburg, 166.",crops/42_0297_R_091.jpg
42,298,L,0,B,,Lieu:Italie;Nacht;P:Bassan;P:Poppers;W:Cercle de Padoue,,—,crops/42_0298_L_000.jpg
42,298,R,44,B,,Lieu:Route Alpes,,"Tannemännisches Schreiben vnd das Chur Magratj wird,",crops/42_0298_R_044.jpg
42,298,R,58,B,,Lieu:Route Alpes,,"teller, gesohlene, am Chur Maijntzk Hoß: - 80.",crops/42_0298_R_058.jpg
42,298,R,81,B,,Lieu:Route Alpes,,"Trier, Chur, wegen befreijung der",crops/42_0298_R_081.jpg
42,299,L,24,B,,Lieu:Route Alpes,,"vier, Chur, wegen freij pas sirtz wein 47.",crops/42_0299_L_024.jpg
42,300,R,13,B,,Wacht,,dieselbe von der Wacht zu verwandten 1563.,crops/42_0300_R_013.jpg
42,301,L,29,B,,Schriften,,Bucher Commission zu erhalten * - 15000. tag.,crops/42_0301_L_029.jpg
42,301,L,40,B,,Fuhre,,"Vamentrath, buchfuhrer wegen hern",crops/42_0301_L_040.jpg
42,303,L,0,B,,P:Bassan,,S,crops/42_0303_L_000.jpg
42,303,L,15,B,,Begraben;Lieu:Nord,,"Wurtzbring und Hamburg hochleich gnaden, 993, 346, 14 Rthl.",crops/42_0303_L_015.jpg
42,303,L,20,B,,Wacht,,"Wacht, ob zu dem H. General Major von Luesne",crops/42_0303_L_020.jpg
42,303,L,31,B,,Lieu:Italie,,"Wein, welcher nur an Jiesige burger zuverkauffen 74.",crops/42_0303_L_031.jpg
42,303,R,81,B,,Lieu:Nord,,"Walther, Joh. Michael G. und Hamburg.",crops/42_0303_R_081.jpg
42,304,L,17,B,,Thor;Wacht,,wacht am allerheil. Thor wird von einer,crops/42_0304_L_017.jpg
42,304,R,41,B,,Lieu:Italie,,Welcher Syndicord: Caßa¬,crops/42_0304_R_041.jpg
42,304,R,42,B,,Lieu:Route Alpes,,"Wachs Richter an Chur Pfaltz, ob solche",crops/42_0304_R_042.jpg
42,304,R,58,B,,Lieu:Italie,,"Wünsterhoffeiische Capitalien betr.,. 1617.",crops/42_0304_R_058.jpg
42,304,R,71,B,,Begraben,,"de Weck G. vid: Schleicher,",crops/42_0304_R_071.jpg
42,305,L,18,B,,Lieu:Route Alpes,,von Witzleben Chur Pfaltzischer Ihr Obrist,crops/42_0305_L_018.jpg
42,305,L,30,B,,Wacht,,"Welss. General-Wachtmeister, 40B.",crops/42_0305_L_030.jpg
42,305,R,51,B,,Wacht,,"ijsenburg, Wächtersbach H. Graff, Schrei¬",crops/42_0305_R_051.jpg
42,305,R,57,B,,Lieu:Nord,,"Hamburg-Bedingen, Itzgraff zu Rhattho.",crops/42_0305_R_057.jpg
42,306,R,15,B,,Lieu:Nord,,Hamburg,crops/42_0306_R_015.jpg
42,307,L,2,B,,Thor,,Zöllner am fschershume thor 450,crops/42_0307_L_002.jpg
43,4,R,25,B,,Nacht,,nachtwertliches beschickh weigk,crops/43_0004_R_025.jpg
43,5,L,4,B,,Wacht,,sutow an der Wacht Vorrbet:,crops/43_0005_L_004.jpg
43,5,L,23,B,,Juden,,Secretam Koch 9 den Jädischen,crops/43_0005_L_023.jpg
43,5,R,45,B,,Schriften,,gebrachte schrifftte beschickhrieß,crops/43_0005_R_045.jpg
43,5,R,50,B,,versiegelt,,"lichen, mit dem ambts siegel bezeich¬",crops/43_0005_R_050.jpg
43,6,L,12,B,,Thor,,wegen des angehaltenen thor¬,crops/43_0006_L_012.jpg
43,6,L,14,B,,Wacht,,"Erbb Wacht, auch dahero hinc inde",crops/43_0006_L_014.jpg
43,6,R,62,B,,Wacht,,folgung des auff der haupt Wacht,crops/43_0006_R_062.jpg
43,7,L,8,B,,Lieu:Nord,,"Hamburg erwarten,",crops/43_0007_L_008.jpg
43,8,L,1,B,,Lieu:Route Alpes,,Chur Pfältische hoffe- nicht zu Mannhaim,crops/43_0008_L_001.jpg
43,9,L,21,B,,Lieu:Nord,,dem Dhamblagitul zu Hamburg,crops/43_0009_L_021.jpg
43,9,L,22,B,,Juden,,die hiesige Jüderschafft und,crops/43_0009_L_022.jpg
43,10,L,20,B,,Lieu:Nord,,Hamburg worden :/:,crops/43_0010_L_020.jpg
43,10,R,43,B,,versiegelt,,siegel Verbahret ad Depositum,crops/43_0010_R_043.jpg
43,10,R,57,B,,Lieu:Italie,,Ko. Articulium und vor capitalia a 1 fl 10 16.,crops/43_0010_R_057.jpg
43,12,R,38,B,,versiegelt,,und Hans Imperialer Versiegelter,crops/43_0012_R_038.jpg
43,13,L,29,B,,Fuhre,,fuhrte zweij Durchr Stetten verlester Monohe :/: Expedition.,crops/43_0013_L_029.jpg
43,13,R,35,B,,Kiste,,"dich Engel Beckisten worden: /: Expedition, und hatte man es",crops/43_0013_R_035.jpg
43,13,R,40,B,,Thor,,gelich mit anschließen in causaher,crops/43_0013_R_040.jpg
43,13,R,52,B,,Schriften,,"Stendt zu Stuttgard, den Buchermeister",crops/43_0013_R_052.jpg
43,14,L,30,B,,Juden,,schäld sachen des Juden Salomo heijum,crops/43_0014_L_030.jpg
43,15,L,2,B,,Thor,,Protocolli anzuschließen :/:,crops/43_0015_L_002.jpg
43,15,L,25,B,,Feuer,,abermahls ein feuer im fünghoff,crops/43_0015_L_025.jpg
43,15,L,31,B,,Begraben,,"brand geschehen, daß die unkosten gleich",crops/43_0015_L_031.jpg
43,15,R,48,B,,Thor,,Peters an Ihro Excell: Thor Herr,crops/43_0015_R_048.jpg
43,16,R,46,B,,Lieu:Ashkenaz,,daß in die zu Wien hangende,crops/43_0016_R_046.jpg
43,17,L,10,B,,Lieu:Ashkenaz,,"Collegio zu berlin, der fastivor",crops/43_0017_L_010.jpg
43,17,L,16,B,,Lieu:Route Alpes,,Alß Ein Concept ist beueb an die Chur¬,crops/43_0017_L_016.jpg
43,18,L,17,B,,Thor,,abzulaßender andtwortt anschließen,crops/43_0018_L_017.jpg
43,19,R,35,B,,Thor,,"in aeden Pasch, so denn p. herrn thor ad Acta.",crops/43_0019_R_035.jpg
43,21,R,44,B,,Thor,,"abzulaßender anderelt anschließen,",crops/43_0021_R_044.jpg
43,22,L,8,B,,Begraben,,den frembden gleichwohlen ob.,crops/43_0022_L_008.jpg
43,22,R,61,B,,Lieu:Ashkenaz,,burg p furth in pro Juris renova,crops/43_0022_R_061.jpg
43,24,L,15,B,,Begraben,,begraten laßen,crops/43_0024_L_015.jpg
43,24,L,30,B,,Nacht,,genachts werden,crops/43_0024_L_030.jpg
43,25,L,20,B,,Fuhre,,"sicus und wageen: Zahl augen, auch waren wechßel,",crops/43_0025_L_020.jpg
43,25,L,27,B,,Begraben,,daß dergleichen Wechsthaler vnd schuld¬,crops/43_0025_L_027.jpg
43,25,R,48,B,,Lieu:Ashkenaz,,furter der hießigen handelßleutha,crops/43_0025_R_048.jpg
43,26,L,21,B,,Lieu:Ashkenaz,,furth die Churchärffte Regin¬,crops/43_0026_L_021.jpg
43,26,R,35,B,,Wacht,,verwachtung einer fürbrends,crops/43_0026_R_035.jpg
43,26,R,55,B,,Lieu:Ashkenaz,,"in Erffurth, ein nun Brandstien",crops/43_0026_R_055.jpg
43,27,L,22,B,,Lieu:Italie,,"ßen, welchen man auff die¬",crops/43_0027_L_022.jpg
43,27,R,33,B,,Begraben,,sie sich dergleichen vnd anderer,crops/43_0027_R_033.jpg
43,27,R,37,B,,Nacht,,"nachtendlicher straffe, be¬",crops/43_0027_R_037.jpg
43,28,L,35,B,,Thor,,worden mit angeschloßen werden.,crops/43_0028_L_035.jpg
43,28,R,75,B,,Lieu:Ashkenaz,,im Franckfurther Walder vnd des,crops/43_0028_R_075.jpg
43,29,L,17,B,,Begraben,,"hochgleichsogk verleßen worden, Jn die besorgung das ein",crops/43_0029_L_017.jpg
43,30,L,3,B,,Begraben,,"hiren, es sege biß dato dergleichen",crops/43_0030_L_003.jpg
43,30,R,57,B,,Lieu:Nord,,Von Hamburg in publico certionis,crops/43_0030_R_057.jpg
43,30,R,68,B,,Nacht;P:Poppers,,H,crops/43_0030_R_068.jpg
43,31,L,2,B,,Lieu:Route Alpes,,Alß Chur Syndicus aninto in Lie¬,crops/43_0031_L_002.jpg
43,31,L,4,B,,Lieu:Nord,,culaubus Amsterdam,crops/43_0031_L_004.jpg
43,31,L,14,B,,Lieu:Route Alpes,,nen Paß Von der Chur Maynzischen,crops/43_0031_L_014.jpg
43,31,L,28,B,,Lieu:Nord,,puncten auff die von Hamburg,crops/43_0031_L_028.jpg
43,31,L,29,B,,Juden,,"aus beschehenn fragen nebst denen, die Jndische certuenien Otto",crops/43_0031_L_029.jpg
43,31,L,34,B,,Lieu:Nord,,Wortt deme gemäß nacher Hamburg,crops/43_0031_L_034.jpg
43,31,R,41,B,,Lieu:Ashkenaz,,Erbarn: 1679. de dato Wien d. 27.,crops/43_0031_R_041.jpg
43,32,L,7,B,,Begraben,,erfolgen gleichwohl der nutzler,crops/43_0032_L_007.jpg
43,32,R,53,B,,Nacht,,ein ihren dahin in nächt vorstehen¬,crops/43_0032_R_053.jpg
43,32,R,55,B,,Erlaubnis,,"wieder zu Verstatten, Verlaßen,",crops/43_0032_R_055.jpg
43,33,R,35,B,,Lieu:Route Alpes,,Alß noch ein schten Von dem Chur¬,crops/43_0033_R_035.jpg
43,33,R,46,B,,Lieu:Nord,,Hamburg der Preuß,crops/43_0033_R_046.jpg
43,34,L,5,B,,Lieu:Italie,,"leuthen, welcher nacher Nieder¬",crops/43_0034_L_005.jpg
43,35,R,42,B,,Fuhre,,ret auch die führ beforderte,crops/43_0035_R_042.jpg
43,35,R,66,B,,Erlaubnis,,"Vorstatten, und das Vorher an¬",crops/43_0035_R_066.jpg
43,37,L,23,B,,Lieu:Ashkenaz;Lieu:Nord,,"Von Hamburg, contra funffurth",crops/43_0037_L_023.jpg
43,37,R,36,B,,Wacht,,"# so auß der hangtWacht sitze,",crops/43_0037_R_036.jpg
43,37,R,61,B,,Fuhre,,srohe fuhren abermahls abge¬,crops/43_0037_R_061.jpg
43,38,L,22,B,,Kiste,,"Kasten verlaßen worden : /: Commuetur Ehrb. Convisitorio,",crops/43_0038_L_022.jpg
43,38,R,58,B,,Lieu:Nord,,an das der sich der Statt Lubeck Sich freundtlich zu Hamburg,crops/43_0038_R_058.jpg
43,39,L,2,B,,Lieu:Ashkenaz,,Kunchten zu Schweinfurth er¬,crops/43_0039_L_002.jpg
43,41,L,9,B,,Lieu:Ashkenaz,,Fursther Durchlf deßen Vorschlag,crops/43_0041_L_009.jpg
43,41,R,29,B,,Schriften,,Von dem Kaußermeister Bucherhom¬,crops/43_0041_R_029.jpg
43,41,R,38,B,,Begraben,,gleich emputtigt den Narren¬,crops/43_0041_R_038.jpg
43,41,R,46,B,,Fuhre,,tage forma zu fuhr,crops/43_0041_R_046.jpg
43,42,L,22,B,,Lieu:Route Alpes,,selbiger beij dem Chur Majttor,crops/43_0042_L_022.jpg
43,42,L,23,B,,Lieu:Route Alpes,,Jahrimbde Rath Jhrb: Chur gebr¬,crops/43_0042_L_023.jpg
43,43,L,22,B,,Begraben,,"vergleichs, Bergekommen, Wie",crops/43_0043_L_022.jpg
43,43,L,25,B,,Wacht,,F hinwacht in einem beser¬,crops/43_0043_L_025.jpg
43,43,R,73,B,,Begraben,,"antragen, und desfalls, obgleich",crops/43_0043_R_073.jpg
43,44,L,26,B,,Begraben,,"nion à 500. mann, ob es gleich",crops/43_0044_L_026.jpg
43,44,R,45,B,,Schriften,,das von dem Kaijtte Bucher Com¬,crops/43_0044_R_045.jpg
43,45,L,4,B,,Juden,,gen Jüden etbracham Resens,crops/43_0045_L_004.jpg
43,45,L,23,B,,Lieu:Ashkenaz,,solita in caue Erfurth 9 Thur Maijtt:,crops/43_0045_L_023.jpg
43,45,R,32,B,,Fuhre,,die vor guldich den der gepfuhre,crops/43_0045_R_032.jpg
43,47,R,58,B,,Thor,,Caßel Hochfürsthaler D.Thor alß Regir¬,crops/43_0047_R_058.jpg
43,48,R,33,B,,Schriften,,selbigen davon abweschriften,crops/43_0048_R_033.jpg
43,48,R,46,B,,Lieu:Nord,,Maßen: und Hamburgk ehr,crops/43_0048_R_046.jpg
43,50,L,26,B,,Begraben,,zum nahmen wollen: /: Hölle man sich zu Vergleichen,crops/43_0050_L_026.jpg
43,50,R,35,B,,Begraben,,"selber gesambtem lubeburgk declarien, zugleich aber die legi¬",crops/43_0050_R_035.jpg
43,50,R,58,B,,Begraben,,an bestandter Vermug zugleich,crops/43_0050_R_058.jpg
43,50,R,70,B,,Censur,,Kriegstens Landt Abliche Confication,crops/43_0050_R_070.jpg
43,51,L,23,B,,Lieu:Nord,,Hamburger Verlesen Worden: /: ad fudicium:,crops/43_0051_L_023.jpg
43,52,L,33,B,,Schriften,,"Johanns blohr Durch Ihre Kayserung bei vberschriften,",crops/43_0052_L_033.jpg
43,53,L,26,B,,Fuhre,,"fuhr gebuhrenße aber erheben,",crops/43_0053_L_026.jpg
43,53,R,34,B,,Begraben,,9.ten kreispriffe gleich Weisen ja,crops/43_0053_R_034.jpg
43,53,R,61,B,,Begraben,,gutlichen Vergleichs die Aufflige,crops/43_0053_R_061.jpg
43,54,L,5,B,,Fuhre,,führte Protocoll dem Craijß,crops/43_0054_L_005.jpg
43,54,L,33,B,,Begraben,,ne zu Vermeidung der consequentz gleich¬,crops/43_0054_L_033.jpg
43,54,R,51,B,,Lieu:Route Alpes,,"Nurnberg, cum Actis sub ans.p.",crops/43_0054_R_051.jpg
43,54,R,52,B,,Lieu:Nord,,"Hamburg, durch den abscheiden, so Ihre D: Syndicus Burgermeister anfürcht",crops/43_0054_R_052.jpg
43,54,R,67,B,,Lieu:Nord,,stigen stadtertzt Sirt Amsterdam,crops/43_0054_R_067.jpg
43,55,R,61,B,,Lieu:Route Alpes,,Worbeij auch der Chur Maijtt:,crops/43_0055_R_061.jpg
43,57,L,13,B,,Lieu:Route Alpes,,Mitt sache pro P. Chur Maijtt vnd,crops/43_0057_L_013.jpg
43,58,L,9,B,,Lieu:Route Alpes,,"Ausspurg, wegen daßelbst ange¬",crops/43_0058_L_009.jpg
43,58,L,20,B,,Begraben,,gleich anfangs glehende Wortte,crops/43_0058_L_020.jpg
43,59,L,31,B,,Lieu:Route Alpes,,hier aus Nurnberg der syndicus¬,crops/43_0059_L_031.jpg
43,61,L,16,B,,Begraben,,zugleich die aller Verwüthung vnd,crops/43_0061_L_016.jpg
43,61,L,18,B,,Begraben,,zugleich aus dem Wegen zu raumen,crops/43_0061_L_018.jpg
43,61,R,62,B,,Lieu:Route Alpes,,Alß ein schreiben vor der Chur¬,crops/43_0061_R_062.jpg
43,62,L,3,B,,Lieu:Route Alpes,,"einlauthen sollte, der Chur¬",crops/43_0062_L_003.jpg
43,62,L,25,B,,Schriften,,dem Keijßh der bucher: Commissa an,crops/43_0062_L_025.jpg
43,63,R,58,B,,Juden,,"Hinckls, priejudinar Consum¬",crops/43_0063_R_058.jpg
43,63,R,66,B,,Censur,,Gewischer Commissariats: gelder,crops/43_0063_R_066.jpg
43,64,L,12,B,,Lieu:Ashkenaz,,"Solle man ihre, Wien sie die an¬",crops/43_0064_L_012.jpg
43,64,L,29,B,,Fuhre,,"fuhren und karren, welche seither",crops/43_0064_L_029.jpg
43,64,R,49,B,,Lieu:Italie,,Welcher ist auff s beßehren,crops/43_0064_R_049.jpg
43,64,R,69,B,,Begraben,,tis Vermelte vnd bereits geleich,crops/43_0064_R_069.jpg
43,64,R,70,B,,Wacht,,stete caution die Wacht wieder,crops/43_0064_R_070.jpg
43,65,R,39,B,,Lieu:Italie,,welchen benachbahrten herrn Sachen,crops/43_0065_R_039.jpg
43,65,R,46,B,,Lieu:Ashkenaz,,So dann Wien dießer sache halber,crops/43_0065_R_046.jpg
43,65,R,58,B,,Lieu:Nord,,Hamburg die hand wercks kund¬,crops/43_0065_R_058.jpg
43,66,L,12,B,,Feuer,,Wie auch das feuerland passimi¬,crops/43_0066_L_012.jpg
43,66,R,60,B,,Nacht,,Christi dem nächst nachfolgendem,crops/43_0066_R_060.jpg
43,67,L,11,B,,Lieu:Route Alpes,,"an die stadt Nürnberg, die mit",crops/43_0067_L_011.jpg
43,67,L,21,B,,Schriften,,"in Mittor, und die Bucher Conruhe",crops/43_0067_L_021.jpg
43,67,R,48,B,,Nacht,,in speter nachtheit zu die ver¬,crops/43_0067_R_048.jpg
43,67,R,52,B,,Begraben,,Welches Er gleich anfengl. dem,crops/43_0067_R_052.jpg
43,68,L,21,B,,versiegelt,,der Obsignirten Subtschutz,crops/43_0068_L_021.jpg
43,68,R,44,B,,Begraben,,"Puncti, sondern solches sorgleich",crops/43_0068_R_044.jpg
43,68,R,46,B,,versiegelt,,"gesiegel, vnd eintlobl. Commen¬",crops/43_0068_R_046.jpg
43,68,R,47,B,,versiegelt,,Viel Guttschafft versiegelt und,crops/43_0068_R_047.jpg
43,68,R,65,B,,Begraben,,vnd Zu gleich das von denn,crops/43_0068_R_065.jpg
43,69,L,26,B,,Lieu:Nord,,es seije Amsterdamen end¬,crops/43_0069_L_026.jpg
43,69,L,29,B,,Wacht,,wacht gebracht worden daselbsten,crops/43_0069_L_029.jpg
43,69,L,35,B,,Lieu:Nord,,Hamburg,crops/43_0069_L_035.jpg
43,69,R,58,B,,Lieu:Route Alpes,,hern Chur Margk theiligen Ch Rath,crops/43_0069_R_058.jpg
43,69,R,85,B,,Censur,,Confication Erß. Verlesen Mens: /: S: Colln man solche auß,crops/43_0069_R_085.jpg
43,70,L,3,B,,Begraben,,Legirung in die Achtzner gleichs¬,crops/43_0070_L_003.jpg
43,70,L,25,B,,Schriften,,* alß hin HochEdler Schrifften¬,crops/43_0070_L_025.jpg
43,70,L,30,B,,Begraben,,"den sagen, nachdem aber gleichwohl",crops/43_0070_L_030.jpg
43,72,L,22,B,,Nacht,,Alß der einachte executirte,crops/43_0072_L_022.jpg
43,73,R,41,B,,Lieu:Italie,,welchert außes wegen,crops/43_0073_R_041.jpg
43,74,L,0,B,,Lieu:Italie;Nacht;P:Bassan;P:Poppers;W:Cercle de Padoue,,*,crops/43_0074_L_000.jpg
43,74,R,35,B,,Nacht,,"nachtwetlich verschrieben, ihre auch",crops/43_0074_R_035.jpg
43,75,L,5,B,,Lieu:Nord,,der holland: Lundischen frantzößi¬,crops/43_0075_L_005.jpg
43,75,R,58,B,,Erlaubnis,,"anno erstattet, in dero Zoll Sich",crops/43_0075_R_058.jpg
43,75,R,59,B,,Begraben,,nung aber gleichwohl alß bezahlt¬,crops/43_0075_R_059.jpg
43,76,R,37,B,,Fuhre,,nung und fuhren der schiffe,crops/43_0076_R_037.jpg
43,77,L,25,B,,Lieu:Route Alpes,,"Stadt Augspurg, und darbeij ge¬",crops/43_0077_L_025.jpg
43,77,R,50,B,,Nacht,,Städtte Collegio nachtheilig seijnd.,crops/43_0077_R_050.jpg
43,77,R,67,B,,Lieu:Route Alpes,,Von dero stadt Nurnberg wegen,crops/43_0077_R_067.jpg
43,77,R,68,B,,Lieu:Nord,,der Hochfurstl Wider Hamburgk,crops/43_0077_R_068.jpg
43,78,L,30,B,,W:Cercle de Padoue,,Valleßen worden : /,crops/43_0078_L_030.jpg
43,78,R,70,B,,Lieu:Italie,,"Terrischeno gelegen seijn, welcher",crops/43_0078_R_070.jpg
43,79,L,9,B,,Schriften,,on der abschrifften ihrer Personirten,crops/43_0079_L_009.jpg
43,79,L,15,B,,versiegelt,,two seinem siegel wieder Wen¬,crops/43_0079_L_015.jpg
43,79,L,27,B,,Nacht,,nach,crops/43_0079_L_027.jpg
43,79,R,52,B,,Begraben,,ungs: Acht zugleich committiret,crops/43_0079_R_052.jpg
43,79,R,73,B,,Juden,,meisterstadentradentradeboden Andienten Jüdischer,crops/43_0079_R_073.jpg
43,80,R,73,B,,versiegelt,,"Fasciuel obsignirt, befenders auß¬",crops/43_0080_R_073.jpg
43,81,R,49,B,,Begraben,,Wie in gleichen eines an offe,crops/43_0081_R_049.jpg
43,81,R,55,B,,Begraben,,Anschlag * wie in gleichen adha¬ kunigs Gelder,crops/43_0081_R_055.jpg
43,81,R,72,B,,Thor,,"thor anzubefehlen, eine gnona",crops/43_0081_R_072.jpg
43,81,R,74,B,,Fuhre,,wie Vielfuhren sich der Hansage,crops/43_0081_R_074.jpg
43,81,R,78,B,,Lieu:Nord,,Hans Holland kommend,crops/43_0081_R_078.jpg
43,81,R,79,B,,Fuhre,,wie viel fuhren oder daruf von,crops/43_0081_R_079.jpg
43,83,R,35,B,,Thor,,ne Rechnung mit anzuschließen.,crops/43_0083_R_035.jpg
43,83,R,44,B,,Schriften,,Michael Bucher et Cons: neu,crops/43_0083_R_044.jpg
43,84,L,12,B,,Begraben,,vergleichs entholltener pahorge¬,crops/43_0084_L_012.jpg
43,84,R,46,B,,Schriften,,"Aemelberg, brücher Access: 9",crops/43_0084_R_046.jpg
43,84,R,51,B,,versiegelt,,F an hiesiegel notzwar hand¬,crops/43_0084_R_051.jpg
43,85,R,65,B,,Begraben,,"halten, angezeigt, und zugleich",crops/43_0085_R_065.jpg
43,86,L,20,B,,Fuhre,,"annoch abzufuhren schuldig ist, das angehorsischen seige, und hier¬",crops/43_0086_L_020.jpg
43,87,R,43,B,,Lieu:Nord,,Hamburg,crops/43_0087_R_043.jpg
43,88,L,13,B,,Begraben,,gleich in duplo ubergebennen Instru¬,crops/43_0088_L_013.jpg
43,88,L,18,B,,Fuhre,,Löblichen Fuhreij Ambt committiret,crops/43_0088_L_018.jpg
43,88,L,30,B,,Fuhre,,"on sich nicht reinzulaßen, auch da fuhr einig¬",crops/43_0088_L_030.jpg
43,88,R,60,B,,Censur,,sachen geordneten Commissario,crops/43_0088_R_060.jpg
43,88,R,68,B,,Fuhre,,den fuhren geschallter vn retten ohßen allhier Jacobfhmann,crops/43_0088_R_068.jpg
43,89,R,51,B,,Lieu:Route Alpes,,Alß hin Verschreiben Von der Chur¬,crops/43_0089_R_051.jpg
43,89,R,56,B,,Lieu:Ashkenaz,,die effecten das verstorbenen fursth.,crops/43_0089_R_056.jpg
43,89,R,57,B,,Lieu:Nord,,"Heßen, Hamburgk Rath Bordingo",crops/43_0089_R_057.jpg
43,89,R,74,B,,Fuhre,,Alß occasionis des Wagen der Vorren,crops/43_0089_R_074.jpg
43,90,L,23,B,,Lieu:Route Alpes,,dem Chur Maijngischen Oberhoffs,crops/43_0090_L_023.jpg
43,90,R,50,B,,Lieu:Route Alpes,,"verstehen wolle, auch das Chür¬",crops/43_0090_R_050.jpg
43,91,R,54,B,,Lieu:Route Alpes,,Chur Maguth zur gericht eingeloffen,crops/43_0091_R_054.jpg
43,92,L,3,B,,Censur,,"riet, die confiscation und Syn¬",crops/43_0092_L_003.jpg
43,92,L,13,B,,Schriften,,Wa hinter sich habende Bucher,crops/43_0092_L_013.jpg
43,93,R,68,B,,Fuhre,,"prohafuhren verlesene wordt, Ist darvor gehalten werden",crops/43_0093_R_068.jpg
43,94,L,9,B,,Lieu:Route Alpes,,Von der Chur Pfätte Regia¬,crops/43_0094_L_009.jpg
43,94,L,27,B,,Lieu:Route Alpes,,"Stadt Augspurg, mit vngeschloße¬",crops/43_0094_L_027.jpg
43,96,L,17,B,,Lieu:Nord,,an die hochgischen Hamburg: binn¬,crops/43_0096_L_017.jpg
43,96,R,62,B,,Begraben,,"gleichw. Syndicusk erhaltten, daß die Zweij",crops/43_0096_R_062.jpg
43,96,R,64,B,,Begraben,,gutliche zugleich vor ihre anzuhriger Reg¬,crops/43_0096_R_064.jpg
43,97,R,48,B,,Juden,,"schütz Iedens, um denen Jüdischen",crops/43_0097_R_048.jpg
43,98,L,5,B,,Lieu:Ashkenaz,,"gern und handelsfurthe, Wird zu",crops/43_0098_L_005.jpg
43,98,R,42,B,,Juden,,Juden Major Abresam beuo¬,crops/43_0098_R_042.jpg
43,99,R,59,B,,Lieu:Route Alpes,,ein Vorschreiben an Ihro Chur¬,crops/43_0099_R_059.jpg
43,99,R,60,B,,Lieu:Ashkenaz,,Fursther Durchl. zu Pfaltz wegen,crops/43_0099_R_060.jpg
43,99,R,63,B,,Fuhre,,Ställ man ihr damit ehrtfuhren.,crops/43_0099_R_063.jpg
43,100,L,15,B,,Lieu:Ashkenaz,,"die stadt Frankfurth, darauff",crops/43_0100_L_015.jpg
43,100,L,17,B,,Lieu:Ashkenaz,,Franckfurth vnd Brem Schadel,crops/43_0100_L_017.jpg
43,100,L,24,B,,Fuhre,,die beschwerung aber die Wagen,crops/43_0100_L_024.jpg
43,100,R,48,B,,Fuhre,,fuhrte Protocoll vor der un¬,crops/43_0100_R_048.jpg
43,101,L,2,B,,Begraben,,der geleichths straße streithardel,crops/43_0101_L_002.jpg
43,101,R,38,B,,Lieu:Route Alpes,,script in der guathen Chur¬,crops/43_0101_R_038.jpg
43,101,R,45,B,,Lieu:Route Alpes,,der Chur Ma gutzischen Zu gewurg.,crops/43_0101_R_045.jpg
43,101,R,66,B,,Lieu:Ashkenaz,,Raths-Collegio zu berlin in caen,crops/43_0101_R_066.jpg
43,102,R,67,B,,Censur,,ferliche beser¬ Commissarrat die,crops/43_0102_R_067.jpg
43,103,R,44,B,,Begraben,,Alß im Paß mit einverleichter,crops/43_0103_R_044.jpg
43,104,R,43,B,,Lieu:Nord,,Schölln man bekandten Amsterdam,crops/43_0104_R_043.jpg
43,104,R,58,B,,Lieu:Nord,,"Hamburg des krieges ließes, seijn befallen",crops/43_0104_R_058.jpg
43,104,R,60,B,,Begraben,,Stelle man sogleich einer Ehrbarn,crops/43_0104_R_060.jpg
43,104,R,66,B,,Begraben,,Wie die anzustellten gleich pries¬,crops/43_0104_R_066.jpg
43,105,L,12,B,,Nacht,,Agenten Von hertzNacht in nicht¬ prum offterbo,crops/43_0105_L_012.jpg
43,105,L,25,B,,Fuhre,,fuhrte Protocoll zu fordersamster,crops/43_0105_L_025.jpg
43,105,R,59,B,,Begraben,,"zugleich in Scabiratu davor gehallten,",crops/43_0105_R_059.jpg
43,106,R,35,B,,Juden,,darJuden Alexander Ihral und,crops/43_0106_R_035.jpg
43,106,R,45,B,,Begraben,,reichß geleichths am Niederhoff fodn¬,crops/43_0106_R_045.jpg
43,107,L,0,B,,P:Poppers,,Von.,crops/43_0107_L_000.jpg
43,107,L,9,B,,Fuhre,,a Gottich fuhrmans Von Meinertt¬,crops/43_0107_L_009.jpg
43,107,L,21,B,,Lieu:Nord,,Hamburg,crops/43_0107_L_021.jpg
43,107,R,40,B,,Lieu:Route Alpes,,Bischoff zu Augspurg für ange¬,crops/43_0107_R_040.jpg
43,107,R,58,B,,Juden,,meisterß Audienst den Jüden beij¬,crops/43_0107_R_058.jpg
43,107,R,60,B,,Fuhre,,führ samptitum Ordnendet repate¬,crops/43_0107_R_060.jpg
43,107,R,67,B,,Lieu:Nord,,Post station nacher Hamburg¬,crops/43_0107_R_067.jpg
43,108,L,4,B,,Begraben,,bens an den bleichen Directorem,crops/43_0108_L_004.jpg
43,108,R,43,B,,Begraben,,Gleichen berichts Konnauill¬,crops/43_0108_R_043.jpg
43,108,R,56,B,,Begraben,,"Holler man solches, so gleich durch die",crops/43_0108_R_056.jpg
43,109,L,15,B,,Fuhre,,mann Fuhr gestellte reprochti¬,crops/43_0109_L_015.jpg
43,109,L,29,B,,Fuhre,,fuhr: Ordnung der schiffleuthe,crops/43_0109_L_029.jpg
43,109,R,70,B,,Begraben,,"begraben hoffe laßen, Was",crops/43_0109_R_070.jpg
43,109,R,71,B,,Begraben,,hierbey zu thun tage L. /: Collman dem schultheys so gleich,crops/43_0109_R_071.jpg
43,109,R,82,B,,Lieu:Route Alpes,,"Räthen der stadt Augspurg,",crops/43_0109_R_082.jpg
43,110,L,6,B,,Begraben,,"nen Vorgleich in copia oder vorschicken,",crops/43_0110_L_006.jpg
43,110,L,26,B,,Begraben,,Er habe dahero des zugleich,crops/43_0110_L_026.jpg
43,110,R,61,B,,Lieu:Nord,,"Caßand in Holland, die lüffische",crops/43_0110_R_061.jpg
43,110,R,70,B,,Fuhre,,des Wagen geldts vor Ambt citiret,crops/43_0110_R_070.jpg
43,111,L,28,B,,Nacht,,richtigkeit nachten vnd die,crops/43_0111_L_028.jpg
43,112,R,41,B,,Begraben,,sichts-Cantzleich causener,crops/43_0112_R_041.jpg
43,113,L,25,B,,Fuhre,,fuhren anbeij die Re¬,crops/43_0113_L_025.jpg
43,114,R,2,B,,Lieu:Nord;Lieu:Route Alpes,,der holländische gesandte 9 m Chur¬,crops/43_0114_R_002.jpg
43,115,L,2,B,,Begraben,,Wegen abfuhrung des maß gleichs,crops/43_0115_L_002.jpg
43,115,L,23,B,,Begraben,,"land, weilen es gleichwohl Ihrer",crops/43_0115_L_023.jpg
43,116,L,2,B,,Lieu:Nord,,habt der Herr Directat zu Hamburg,crops/43_0116_L_002.jpg
43,116,L,29,B,,Lieu:Nord,,"Hessen Hamburgk Regierung, daszu",crops/43_0116_L_029.jpg
43,117,L,31,B,,Lieu:Route Alpes,,nommenn Agentie p Chur Mayntz,crops/43_0117_L_031.jpg
43,117,R,39,B,,Begraben,,in der wittigks schon verlohmen verdleich,crops/43_0117_R_039.jpg
43,118,R,43,B,,Lieu:Ashkenaz,,further weiter quartiers entkosten,crops/43_0118_R_043.jpg
43,118,R,46,B,,Lieu:Ashkenaz,,"Lwegß so Wohl alß zu Wien weite,",crops/43_0118_R_046.jpg
43,118,R,55,B,,Begraben,,"zu votiren sege, in gleichem",crops/43_0118_R_055.jpg
43,118,R,64,B,,Censur,,6. Wes dem Commissariats Secreta¬,crops/43_0118_R_064.jpg
43,118,R,68,B,,Begraben,,"Licentenarii Cemaces, in gleichem",crops/43_0118_R_068.jpg
43,119,R,44,B,,Thor,,moro Militeri an hießigem stadt thor,crops/43_0119_R_044.jpg
43,120,L,32,B,,Nacht,,Vorzungekommenen nächst Vorstehende,crops/43_0120_L_032.jpg
43,120,R,57,B,,Juden,,Stettinen Jüdens bar herrnn,crops/43_0120_R_057.jpg
43,120,R,68,B,,Fuhre,,"betrifft, die sache ordentz ausfuhren",crops/43_0120_R_068.jpg
43,120,R,74,B,,Lieu:Route Alpes,,hen ob dem Chur Magnthor gheden,crops/43_0120_R_074.jpg
43,121,L,2,B,,Lieu:Route Alpes,,auff einen Chur Maijtt. Cameral:,crops/43_0121_L_002.jpg
43,121,L,7,B,,Begraben,,"gleich zu passiren, und in die stadt",crops/43_0121_L_007.jpg
43,121,R,59,B,,Begraben,,"communicirt, zugleich aber ter¬",crops/43_0121_R_059.jpg
43,121,R,62,B,,Begraben,,gedachter Herr Brandt zugleich nahe,crops/43_0121_R_062.jpg
43,121,R,70,B,,Lieu:Route Alpes,,"die mit Chur Maijrtz fur wollende,",crops/43_0121_R_070.jpg
43,122,L,9,B,,Lieu:Route Alpes,,sachen erwarten Chur Mayische,crops/43_0122_L_009.jpg
43,122,L,15,B,,Nacht,,alß ein allergnächtes Kayserl.,crops/43_0122_L_015.jpg
43,123,L,22,B,,Fuhre,,"führte protocoll, dem hochfursten",crops/43_0123_L_022.jpg
43,124,L,10,B,,Lieu:Route Alpes,,"in Specie betreffen, in gegenwart des Chur¬",crops/43_0124_L_010.jpg
43,124,R,67,B,,Fuhre,,soll ein Protocoll gefuhret,crops/43_0124_R_067.jpg
43,125,R,66,B,,Lieu:Ashkenaz,,nante Raga möchtermeister furthsfarthschen,crops/43_0125_R_066.jpg
43,125,R,70,B,,Lieu:Nord,,Hamburgische,crops/43_0125_R_070.jpg
43,127,L,11,B,,Lieu:Route Alpes,,Alß Im Concept schlras an Ihro Chur¬,crops/43_0127_L_011.jpg
43,127,L,32,B,,Lieu:Ashkenaz,,"furthfarth einständtlich referiret, es",crops/43_0127_L_032.jpg
43,127,R,39,B,,Lieu:Ashkenaz,,nem Kaufffurthe Vorensich,crops/43_0127_R_039.jpg
43,127,R,53,B,,Schriften,,auff eine schrifftbe erklärung,crops/43_0127_R_053.jpg
43,128,L,29,B,,Thor,,"thor zusammen bestraffen, und",crops/43_0128_L_029.jpg
43,128,L,32,B,,Lieu:Route Alpes,,die achsten vnd das Chur nicht folgen¬,crops/43_0128_L_032.jpg
43,128,R,54,B,,Censur,,Kriegs-Commissario herren von consil¬,crops/43_0128_R_054.jpg
43,129,L,12,B,,Begraben,,der von Obern abten zu Anpurg alß erbleichter,crops/43_0129_L_012.jpg
43,130,L,27,B,,Lieu:Route Alpes,,Alß ein Vorschwer Von der Chur¬,crops/43_0130_L_027.jpg
43,130,R,69,B,,Lieu:Route Alpes,,"beschickungs schreißen, vnd in Chur¬",crops/43_0130_R_069.jpg
43,131,L,8,B,,Lieu:Nord,,des Hollandischen dragonirs N:,crops/43_0131_L_008.jpg
43,132,L,19,B,,Lieu:Route Alpes,,"seinfuhr befreijung, Ihro Chur¬",crops/43_0132_L_019.jpg
43,132,R,51,B,,Thor,,Alß hin sitzten Von Thor soRath,crops/43_0132_R_051.jpg
43,132,R,54,B,,Begraben,,"zugleich eingeschicket, Vnd Sie¬",crops/43_0132_R_054.jpg
43,134,R,45,B,,Lieu:Nord,,"laßen, indeßen habe man Holland",crops/43_0134_R_045.jpg
43,134,R,58,B,,Censur,,Kaijßen Ober Commissario Jhn Vor¬,crops/43_0134_R_058.jpg
43,134,R,75,B,,Begraben,,jährigen bleichmann Brad Lehrbisch,crops/43_0134_R_075.jpg
43,135,L,4,B,,Lieu:Route Alpes,,eines vorschlus an das Chur¬,crops/43_0135_L_004.jpg
43,135,L,22,B,,Begraben,,Ist das zugleich verlaßenn pro,crops/43_0135_L_022.jpg
43,135,R,73,B,,Schriften,,Rath vnd Herr Michael Bucher Frid,crops/43_0135_R_073.jpg
43,136,L,2,B,,Lieu:Route Alpes,,es wurde von seithen Chur Magijtt,crops/43_0136_L_002.jpg
43,136,L,8,B,,Lieu:Route Alpes,,Eßbarn nur es so Wie mit Chur¬,crops/43_0136_L_008.jpg
43,136,L,32,B,,Begraben,,recessionis ohnleichterlich zu rat¬,crops/43_0136_L_032.jpg
43,136,L,48,B,,Lieu:Ashkenaz,,foede man ex parte Franckfurth vor die,crops/43_0136_L_048.jpg
43,137,L,7,B,,Schriften,,selber anzu hergenden schrifften,crops/43_0137_L_007.jpg
43,137,L,25,B,,Fuhre,,tion des Wagen des daßige ausge¬,crops/43_0137_L_025.jpg
43,138,R,58,B,,Lieu:Route Alpes,,"Chur. begdachte, gehembde Raths¬",crops/43_0138_R_058.jpg
43,138,R,60,B,,Schriften,,"heimbarenn Schriften, darinnen",crops/43_0138_R_060.jpg
43,139,L,11,B,,Wacht,,Rths Collegij wacht vorfuhrnden,crops/43_0139_L_011.jpg
43,139,L,14,B,,Lieu:Italie;Nacht;P:Bassan;P:Poppers;W:Cercle de Padoue,,*,crops/43_0139_L_014.jpg
43,139,R,47,B,,Fuhre,,wagen seiner Verstorbenen Brauffen,crops/43_0139_R_047.jpg
43,139,R,49,B,,Begraben,,von zugleich wegen der neuen cla¬ ruhne committirn,crops/43_0139_R_049.jpg
43,140,R,41,B,,Begraben,,gueter breuhet t solge auß gleiche,crops/43_0140_R_041.jpg
43,140,R,55,B,,Lieu:Ashkenaz,,sache zu Wien weiter zu praesiren gegen * s:,crops/43_0140_R_055.jpg
43,140,R,61,B,,Lieu:Ashkenaz,,"tocoll nach Wien mit zu schicken,",crops/43_0140_R_061.jpg
43,140,R,75,B,,Censur,,"Commissariats= und continuentsgelder,",crops/43_0140_R_075.jpg
43,141,L,11,B,,Fuhre,,Einfuhren Grolinen presentiren,crops/43_0141_L_011.jpg
43,141,L,15,B,,Lieu:Nord,,HamburgWorten :/:,crops/43_0141_L_015.jpg
43,141,L,27,B,,Lieu:Nord,,Hochgofft gnaden zu Hamburg: Ober¬,crops/43_0141_L_027.jpg
43,141,R,51,B,,Wacht,,der schwacheiner 9 die Ru¬,crops/43_0141_R_051.jpg
43,143,R,61,B,,Lieu:Ashkenaz,,auff wien und dörffte dem,crops/43_0143_R_061.jpg
43,144,L,7,B,,Lieu:Nord,,Hamburg,crops/43_0144_L_007.jpg
43,144,R,71,B,,Lieu:Italie,,"trecht, welcher gestaltten",crops/43_0144_R_071.jpg
43,145,L,2,B,,Erlaubnis,,Erlaubnuß seiner H. Haupt,crops/43_0145_L_002.jpg
43,145,R,41,B,,P:Bassan,,S,crops/43_0145_R_041.jpg
43,145,R,48,B,,Begraben,,weniger an dergleichen Vor¬,crops/43_0145_R_048.jpg
43,145,R,49,B,,Lieu:Route Alpes,,"den K. P. und Chur, Aussischen",crops/43_0145_R_049.jpg
43,145,R,54,B,,Fuhre,,fuhr aber bezahlen laßen,crops/43_0145_R_054.jpg
43,145,R,65,B,,Lieu:Nord,,Stadt Hamburg den Alterham,crops/43_0145_R_065.jpg
43,146,L,26,B,,Begraben,,legatus gleichwohlen nichts,crops/43_0146_L_026.jpg
43,147,L,17,B,,Begraben,,die Acta auff gleichen laßen,crops/43_0147_L_017.jpg
43,147,R,50,B,,Fuhre,,"gefuhret werden, zoll auch",crops/43_0147_R_050.jpg
43,148,R,59,B,,Schriften,,zedlwischen Bucher Designation Vier¬,crops/43_0148_R_059.jpg
43,148,R,75,B,,Nacht;P:Poppers,,H,crops/43_0148_R_075.jpg
43,149,L,2,B,,Begraben,,der Hochfursten beaden: derleichischer,crops/43_0149_L_002.jpg
43,149,R,47,B,,Lieu:Italie,,"an welcher die reijha ist, die Ver¬",crops/43_0149_R_047.jpg
43,149,R,64,B,,Begraben,,"Vorstellung zu thun, daß alle dergleichen",crops/43_0149_R_064.jpg
43,149,R,68,B,,Lieu:Nord,,Midde Hamburgk contra vff vnd,crops/43_0149_R_068.jpg
43,150,R,48,B,,Juden,,wegen der von dem Jüden Samel,crops/43_0150_R_048.jpg
43,151,L,9,B,,Lieu:Nord,,Hochfürische 9 nach zu hamburgen und,crops/43_0151_L_009.jpg
43,151,L,12,B,,Lieu:Nord,,Der Presidentirender alls Hamberger,crops/43_0151_L_012.jpg
43,153,L,23,B,,Nacht;P:Poppers,,H,crops/43_0153_L_023.jpg
43,154,L,21,B,,Lieu:Ashkenaz,,oder ein Polenn ein,crops/43_0154_L_021.jpg
43,156,R,15,B,,Begraben,,"fang gemacht, sich aber ein gleichem",crops/43_0156_R_015.jpg
43,156,R,19,B,,Begraben,,fleichstein der Ieden stern verla¬,crops/43_0156_R_019.jpg
43,157,L,2,B,,versiegelt,,"Maijer spiegel, eijrigen entwan¬",crops/43_0157_L_002.jpg
43,157,L,11,B,,Lieu:Route Alpes,,dem Chur: Beijgischer geheimbden¬,crops/43_0157_L_011.jpg
43,157,L,17,B,,Begraben,,gleich in caar de Rechon p de Rechon,crops/43_0157_L_017.jpg
43,157,R,55,B,,Begraben,,durch Ihre Syndicum Särgk zugleich,crops/43_0157_R_055.jpg
43,157,R,59,B,,Begraben,,zu Maijtt ein gleiches wegen,crops/43_0157_R_059.jpg
43,158,R,47,B,,Begraben,,geleichsigt: geschafft auff Vorgebhuft special:,crops/43_0158_R_047.jpg
43,158,R,56,B,,Lieu:Route Alpes,,Ihre durch dero Chur Secretarium,crops/43_0158_R_056.jpg
43,159,R,54,B,,Begraben,,in caileichenis Eger der Bremen,crops/43_0159_R_054.jpg
43,160,L,8,B,,Begraben,,"Gleichsischenn bestes creitiget worden, auch weisen",crops/43_0160_L_008.jpg
43,161,L,7,B,,Lieu:Ashkenaz,,"ginderung zu Wien, in cae",crops/43_0161_L_007.jpg
43,161,L,20,B,,Lieu:Nord,,Hamburgk,crops/43_0161_L_020.jpg
43,161,R,54,B,,Lieu:Nord,,zu Hamburg: Furstern die Ver¬,crops/43_0161_R_054.jpg
43,162,L,14,B,,Lieu:Ashkenaz,,culum hochfurthig ermeßenn un¬,crops/43_0162_L_014.jpg
43,162,L,15,B,,Begraben,,Ihre Xaijn besthalermann leichen p,crops/43_0162_L_015.jpg
43,162,L,19,B,,Wacht,,"Wachten, alß zu erlegung der",crops/43_0162_L_019.jpg
43,162,L,26,B,,Juden,,Holl man der Budenschafft abtschlie¬,crops/43_0162_L_026.jpg
43,162,R,43,B,,Lieu:Nord,,Hamburg Hernhardische,crops/43_0162_R_043.jpg
43,163,L,22,B,,Juden,,be die Jndenschafft um die commu¬,crops/43_0163_L_022.jpg
43,163,R,46,B,,Lieu:Nord,,"Hamburg zu stellen Laßen, Mein",crops/43_0163_R_046.jpg
43,163,R,55,B,,Lieu:Route Alpes,,Städt Nurnburg das handtrü¬,crops/43_0163_R_055.jpg
43,164,L,19,B,,Begraben,,gleichs so ist der Schillingen,crops/43_0164_L_019.jpg
43,164,L,22,B,,Censur,,Commissario Bachtbirln alßo hähüßel,crops/43_0164_L_022.jpg
43,164,L,30,B,,Begraben,,sich begabenn deserwegs Georgen,crops/43_0164_L_030.jpg
43,164,R,47,B,,Thor,,Hangenwartel am offte thor die,crops/43_0164_R_047.jpg
43,165,L,13,B,,Fuhre,,der in pro debiti Supputirt :/:Holtlieller man ihre vielfuhren,crops/43_0165_L_013.jpg
43,165,L,17,B,,Schriften,,der Ordncischen bücher Resign¬,crops/43_0165_L_017.jpg
43,165,L,32,B,,Nacht,,Conacht in letztens cum mitgeschutzet werh,crops/43_0165_L_032.jpg
43,166,L,14,B,,Lieu:Ashkenaz,,der stadt vberlingen Stadt¬,crops/43_0166_L_014.jpg
43,167,L,7,B,,Lieu:Italie,,"Welcher gueten, so damit",crops/43_0167_L_007.jpg
43,167,R,47,B,,Lieu:Italie,,giung der herrn Stetten welcher,crops/43_0167_R_047.jpg
43,168,L,26,B,,Fuhre,,fuhres ein rechtendliches schön so,crops/43_0168_L_026.jpg
43,169,L,2,B,,Censur,,Kaijßersm Obs: Commissario vn¬,crops/43_0169_L_002.jpg
43,170,L,21,B,,Lieu:Ashkenaz,,weijl. Juncker hantfurth von Torn¬,crops/43_0170_L_021.jpg
43,170,L,26,B,,Lieu:Ashkenaz,,andere dem Franckfurther hoff,crops/43_0170_L_026.jpg
43,170,R,49,B,,Lieu:Nord,,Der gladoch vndt Amsterdam,crops/43_0170_R_049.jpg
43,170,R,51,B,,Fuhre,,in caen des neu führender Mandati¬,crops/43_0170_R_051.jpg
43,171,R,48,B,,Nacht,,Ambts: Rechor so auff nachtschwersten,crops/43_0171_R_048.jpg
43,172,L,22,B,,Lieu:Nord,,"Hamburg, die Verabfolgung denn",crops/43_0172_L_022.jpg
43,173,R,45,B,,Lieu:Italie,,"willheter Raht gemeldet, welcher",crops/43_0173_R_045.jpg
43,174,L,2,B,,Lieu:Nord,,Hochfursten Hamburgischen Regie¬,crops/43_0174_L_002.jpg
43,174,L,18,B,,Thor,,das den Thoren bestellet wer¬,crops/43_0174_L_018.jpg
43,174,R,69,B,,Lieu:Nord,,bens an das Hamburg,crops/43_0174_R_069.jpg
43,175,R,48,B,,Begraben,,wie in gleichen die Leichbamp,crops/43_0175_R_048.jpg
43,175,R,55,B,,Lieu:Nord,,von Hamburg Löses Marcus Dochter,crops/43_0175_R_055.jpg
43,177,L,8,B,,Lieu:Italie,,"gethan, welcher gestalten",crops/43_0177_L_008.jpg
43,178,L,28,B,,Lieu:Italie,,"welcher von seinen War,",crops/43_0178_L_028.jpg
43,179,L,4,B,,Begraben,,rung ein allerleichts in possimo,crops/43_0179_L_004.jpg
43,179,L,26,B,,Lieu:Italie,,"riret, welcher gestalten der",crops/43_0179_L_026.jpg
43,180,R,60,B,,Lieu:Route Alpes,,Chur Durch Ihre Churfursten bege¬,crops/43_0180_R_060.jpg
43,181,R,54,B,,Wacht,,Mittwacht 7 Augl. 1637,crops/43_0181_R_054.jpg
43,182,L,14,B,,Lieu:Route Alpes,,ein Chur Tunsischer Commar die verlaßete,crops/43_0182_L_014.jpg
43,182,L,23,B,,Thor,,nem thor geloffen gekommen seijn so,crops/43_0182_L_023.jpg
43,183,L,21,B,,Lieu:Italie,,"ren referirt, welcher gestalten",crops/43_0183_L_021.jpg
43,183,R,70,B,,Begraben,,erlößenden Gelderer sogleich,crops/43_0183_R_070.jpg
43,183,R,73,B,,Begraben,,"Obsts, Tranben ungleichter",crops/43_0183_R_073.jpg
43,184,L,8,B,,versiegelt,,ohnster siegelt demselben zu Ge¬,crops/43_0184_L_008.jpg
43,184,L,23,B,,Lieu:Nord,,ad Hamburgen entrichter ver¬,crops/43_0184_L_023.jpg
43,184,R,54,B,,Lieu:Nord,,Regierung zu Hamburgen,crops/43_0184_R_054.jpg
43,184,R,72,B,,Feuer;Schriften,,der feuerschreibucher,crops/43_0184_R_072.jpg
43,186,L,9,B,,Juden,,"den profurti verdächtigen Jüden, und inhafftirten",crops/43_0186_L_009.jpg
43,186,R,47,B,,Begraben,,Boretur ad Acta in durch wichtsleicht,crops/43_0186_R_047.jpg
43,187,L,4,B,,Begraben,,"stallten, und die Zoller Zugleich",crops/43_0187_L_004.jpg
43,187,R,34,B,,Begraben,,das Ambtmannoch von der bleiche,crops/43_0187_R_034.jpg
43,187,R,40,B,,Lieu:Nord,,Regierung zu Hamburg cum cita¬,crops/43_0187_R_040.jpg
43,187,R,51,B,,Fuhre,,Stelle man diese fuhr zuverconta¬,crops/43_0187_R_051.jpg
43,189,L,24,B,,Lieu:Nord,,gnaden zu Hamburg und Würzweg,crops/43_0189_L_024.jpg
43,189,R,40,B,,Lieu:Route Alpes,,Alß ein schreiben Von Ihro Chur¬,crops/43_0189_R_040.jpg
43,189,R,41,B,,Kiste,,"Kirsten Acht zu Pfaltz, die Höf¬",crops/43_0189_R_041.jpg
43,189,R,63,B,,Kiste,,dem habende hilungs Kasten,crops/43_0189_R_063.jpg
43,190,L,1,B,,Fuhre,,Woruber der büchfuhrer beeder,crops/43_0190_L_001.jpg
43,190,L,10,B,,Lieu:Ashkenaz,,"halben, und deswegen befurtheten nicht Cauiren wollte, die besigetir",crops/43_0190_L_010.jpg
43,190,R,64,B,,Nacht,,toribus nachtheilig abzolagen.,crops/43_0190_R_064.jpg
43,191,L,22,B,,Begraben,,zugleichen auch der Puttschwarn erreu¬,crops/43_0191_L_022.jpg
43,191,L,28,B,,Juden,,"Factor, Juden Engerbri Alß Ver¬Löblich",crops/43_0191_L_028.jpg
43,191,L,31,B,,Begraben,,nah itzige creditores gleichfalls Harr Nahmen,crops/43_0191_L_031.jpg
43,191,R,62,B,,Lieu:Nord,,ner maßen an die Stätt ad Hamburgk,crops/43_0191_R_062.jpg
43,192,L,8,B,,Nacht,,nachtworten beschweren.,crops/43_0192_L_008.jpg
43,192,R,52,B,,Schriften,,"pro futuro hirunter Schriften,",crops/43_0192_R_052.jpg
43,192,R,62,B,,Lieu:Route Alpes,,habisch ein Chur Magethischer unter¬,crops/43_0192_R_062.jpg
43,193,L,15,B,,Nacht,,angeschuldigte ad Protocollum nachtringen.,crops/43_0193_L_015.jpg
43,194,L,27,B,,Thor,,"palditer designirt sind, gegen Thor Ifftruth",crops/43_0194_L_027.jpg
43,194,R,48,B,,Schriften,,"4. die hebreische brieffe, an hie Wismke was sie be¬",crops/43_0194_R_048.jpg
43,196,L,5,B,,Lieu:Route Alpes,,an die Königl: Pohlnisch: vnd Chur¬,crops/43_0196_L_005.jpg
43,196,L,17,B,,Lieu:Route Alpes,,so dann der Chur Maijetz in pter,crops/43_0196_L_017.jpg
43,196,R,42,B,,Censur,,des buhrn Commissariats die so,crops/43_0196_R_042.jpg
43,196,R,47,B,,Censur,,Commissariats Rothin in sachen er¬,crops/43_0196_R_047.jpg
43,196,R,51,B,,Lieu:Nord,,Von gulich in eu der Marti pro hamburg,crops/43_0196_R_051.jpg
43,196,R,58,B,,Lieu:Route Alpes,,eingelangte Chur Pfaltzte ihren,crops/43_0196_R_058.jpg
43,196,R,64,B,,Schriften,,daß auchster tagen die schrifften,crops/43_0196_R_064.jpg
43,197,R,43,B,,Lieu:Route Alpes,,Alß ein schreiben von die Chur¬,crops/43_0197_R_043.jpg
43,198,L,3,B,,Begraben,,geleichths vor die beij den frute hie¬,crops/43_0198_L_003.jpg
43,198,L,10,B,,Begraben,,der anbtmann zugleich wurden ent¬,crops/43_0198_L_010.jpg
43,198,L,19,B,,Thor,,"thoren nicht machen können, nach deßen",crops/43_0198_L_019.jpg
43,198,L,20,B,,Begraben,,Vollzug Er so gleich fort zu gehen vnd,crops/43_0198_L_020.jpg
43,198,R,65,B,,Juden,,Direßden Vor den Juden Extraien,crops/43_0198_R_065.jpg
43,199,R,36,B,,Begraben,,geleich verlaßen worden: /:,crops/43_0199_R_036.jpg
43,199,R,58,B,,Lieu:Route Alpes,,Chur Maytte Regierung ad caam,crops/43_0199_R_058.jpg
43,200,R,48,B,,Lieu:Ashkenaz,,"Ihnen examam Leopoldia, beted. Ver¬",crops/43_0200_R_048.jpg
43,201,L,28,B,,Juden,,Juden Ihrer Bilefefelbierenditores ver¬,crops/43_0201_L_028.jpg
43,202,L,2,B,,Lieu:Italie,,"que Deputirten Diabecoll, welcher auch Königs zum ambts",crops/43_0202_L_002.jpg
43,202,L,41,B,,Lieu:Nord,,Hamburg auch ihren lautthaben,crops/43_0202_L_041.jpg
43,202,R,42,B,,Lieu:Italie,,Danjenzo hat Ihr Syndicus Punctz welcher 357.,crops/43_0202_R_042.jpg
43,202,R,53,B,,Begraben,,sich gleichwoll zuver¬,crops/43_0202_R_053.jpg
43,202,R,64,B,,Fuhre,,"auffgefuhret, geschloßen, aus ihme",crops/43_0202_R_064.jpg
43,202,R,81,B,,Lieu:Nord,,"Hamburgk von Lubeckon,",crops/43_0202_R_081.jpg
43,203,L,12,B,,Lieu:Italie;Lieu:Nord,,"Hamburg Petten abgelegen, welchern, so solch von seiner",crops/43_0203_L_012.jpg
43,203,L,13,B,,Begraben,,"allerseits Zugleich wie hochwiderin, Alßier betrach der",crops/43_0203_L_013.jpg
43,203,L,16,B,,Lieu:Nord,,beij jetzigen Amsterdam zu,crops/43_0203_L_016.jpg
43,203,L,36,B,,Lieu:Route Alpes,,keel der von den Konradesschriftlichen Chur geschrieben,crops/43_0203_L_036.jpg
43,203,R,72,B,,Lieu:Route Alpes,,der Raths sollario in Chur,crops/43_0203_R_072.jpg
43,204,L,2,B,,Erlaubnis,,die Erlaubnuß eine Mühter,crops/43_0204_L_002.jpg
43,204,R,66,B,,Lieu:Route Alpes,,in Sachen Franckfur 6. Hanaw noht Chur Augusten der Rostogk Sthaler,crops/43_0204_R_066.jpg
43,205,R,48,B,,Juden,,"Lüdenschafft, die Hisemannische so",crops/43_0205_R_048.jpg
43,206,R,50,B,,versiegelt,,Anschlagung siegel verkehret begehret vnd,crops/43_0206_R_050.jpg
43,206,R,62,B,,versiegelt,,"zu nümen, vnd mit seinem siegel",crops/43_0206_R_062.jpg
43,206,R,71,B,,Begraben,,dergleichen zu renovieandes Potent In den Lu¬,crops/43_0206_R_071.jpg
43,207,L,6,B,,Thor,,"liebte Edict in impreßo auschließen,",crops/43_0207_L_006.jpg
43,207,L,18,B,,Lieu:Nord,,Hamburgwurde,crops/43_0207_L_018.jpg
43,207,L,22,B,,Lieu:Italie,,"dings lezt, welcher der abseff",crops/43_0207_L_022.jpg
43,207,L,29,B,,Lieu:Italie,,"fastirten, beij Welcher sich die",crops/43_0207_L_029.jpg
43,208,L,28,B,,Begraben,,gleich eingefallen vnd ihnen das,crops/43_0208_L_028.jpg
43,208,R,33,B,,Fuhre,,schwerliche dreyk anzeige zufuhren,crops/43_0208_R_033.jpg
43,208,R,41,B,,Schriften,,das schrifften untersuchtge vnd die,crops/43_0208_R_041.jpg
43,209,L,4,B,,Begraben,,"geleich in causa fnd Ihrer, 9 Rthlr",crops/43_0209_L_004.jpg
43,209,L,10,B,,Lieu:Route Alpes,,Chur ein großer Wittib p Verwalte,crops/43_0209_L_010.jpg
43,209,R,43,B,,Wacht,,"ner gegenwacht continuiren wurde,",crops/43_0209_R_043.jpg
43,209,R,50,B,,Fuhre,,der nachführenden verabfolgung,crops/43_0209_R_050.jpg
43,209,R,63,B,,Lieu:Nord,,Hamburgische fhrbiethe Verlaßen Aberh: Gd. Syndicum.,crops/43_0209_R_063.jpg
43,211,L,10,B,,Feuer,,feuern tagnd mit hochuehung 30.,crops/43_0211_L_010.jpg
43,211,L,17,B,,Begraben,,gleich maßige schluß vrsachen,crops/43_0211_L_017.jpg
43,211,L,21,B,,Juden,,"tudischen briefftiger, Wegen",crops/43_0211_L_021.jpg
43,212,L,6,B,,Lieu:Nord,,"Hamburgicouftiert worden,",crops/43_0212_L_006.jpg
43,213,L,18,B,,Lieu:Route Alpes,,"Alß hin Concept, sonders an die Chur¬",crops/43_0213_L_018.jpg
43,214,R,36,B,,Wacht,,"beim Exces, eine Wacht vor Ihr",crops/43_0214_R_036.jpg
43,214,R,50,B,,Begraben,,"fleichsthaler beij 1hrschreiben, den Vncostige hansischen herrn",crops/43_0214_R_050.jpg
43,214,R,54,B,,Lieu:Nord,,"Hamburgk stett, Montags, das es I: Sept: 1657.",crops/43_0214_R_054.jpg
43,215,L,12,B,,Lieu:Route Alpes,,"Alß der Chur woll nicht absideret, D: Erb: Fr: nefenit, daß",crops/43_0215_L_012.jpg
43,216,L,19,B,,Lieu:Nord,,"die Hamburg Erb. Gerlesen, hochfurstige Gotthurgische",crops/43_0216_L_019.jpg
43,217,R,40,B,,Begraben,,vorlaßen gleich: /:,crops/43_0217_R_040.jpg
43,218,L,3,B,,Schriften,,auch hierbeij das Bucher Commißa¬,crops/43_0218_L_003.jpg
43,218,L,11,B,,Censur,,Commissarirt in andtwortt bekant,crops/43_0218_L_011.jpg
43,218,L,36,B,,Lieu:Ashkenaz,,"schweinfurth, Wegen des zum Cammer¬",crops/43_0218_L_036.jpg
43,218,R,44,B,,Schriften,,Alßmann buchers des soldeten,crops/43_0218_R_044.jpg
43,218,R,54,B,,Begraben,,das schreiben Con herrn gleicher,crops/43_0218_R_054.jpg
43,218,R,61,B,,Schriften,,abschrifften der schreiberischen obli¬,crops/43_0218_R_061.jpg
43,219,R,33,B,,Schriften,,bucher-Commissentt wegen der in,crops/43_0219_R_033.jpg
43,220,L,30,B,,Lieu:Ashkenaz,,wien an ihre Von Graue um die rechoten,crops/43_0220_L_030.jpg
43,220,R,34,B,,Begraben,,Wiedersprochnen vergleich befolzu,crops/43_0220_R_034.jpg
43,220,R,56,B,,Schriften,,ad causum des Bucher: Com missa¬,crops/43_0220_R_056.jpg
43,220,R,59,B,,Nacht,,nachtruck der hebenschrei¬,crops/43_0220_R_059.jpg
43,221,L,17,B,,Lieu:Nord,,Hamburgische Fridtkeitten,crops/43_0221_L_017.jpg
43,221,R,62,B,,Lieu:Route Alpes,,die Chur hernoldische contraents:,crops/43_0221_R_062.jpg
43,222,L,7,B,,Begraben,,Verweigerten Vergleich vff der Sie¬,crops/43_0222_L_007.jpg
43,222,R,42,B,,Lieu:Route Alpes,,"hoffarth von derbeldt, den mit Chur¬",crops/43_0222_R_042.jpg
43,222,R,44,B,,Begraben,,Maguth. vorsehenden Vergleichten Dep:,crops/43_0222_R_044.jpg
43,222,R,51,B,,Lieu:Nord,,Hamburg verlesen worden: /:,crops/43_0222_R_051.jpg
43,223,L,9,B,,Nacht,,nachtwercken zu constitution end ihre,crops/43_0223_L_009.jpg
43,223,R,57,B,,Lieu:Nord,,Hamburg cum Citat: Edict: in,crops/43_0223_R_057.jpg
43,224,R,34,B,,Begraben,,"gebühr aber, wegen dergleichs darüber",crops/43_0224_R_034.jpg
43,224,R,55,B,,Censur,,Commissaret ergangenen Registb:,crops/43_0224_R_055.jpg
43,225,R,65,B,,Nacht,,längt ad Protocollum nachtruckten zu,crops/43_0225_R_065.jpg
43,226,R,50,B,,Begraben,,"tats nicht geleistet, gleichtschter nebst seine letzliche außleiung",crops/43_0226_R_050.jpg
43,227,L,14,B,,Censur;Schriften,,Ebbebucher Commissariat fürunter,crops/43_0227_L_014.jpg
43,227,R,33,B,,Juden,,Alß Jüdin Helra steoria er - 429.,crops/43_0227_R_033.jpg
43,227,R,34,B,,Lieu:Route Alpes,,nie vorschreiben an die Chur Majthi¬,crops/43_0227_R_034.jpg
43,228,L,13,B,,Lieu:Nord,,Heschen hamburgischen Regierung in,crops/43_0228_L_013.jpg
43,230,L,9,B,,Lieu:Nord,,Hamburgweitere resolution,crops/43_0230_L_009.jpg
43,230,L,15,B,,Lieu:Italie,,"geweßen affairet, welcher",crops/43_0230_L_015.jpg
43,231,L,14,B,,Juden,,Solle man der Jürenschafft anla¬,crops/43_0231_L_014.jpg
43,231,L,23,B,,Begraben,,"ferner Statichten sein volgßenn nu zu gleich, an stadt des Erb.",crops/43_0231_L_023.jpg
43,231,R,57,B,,Fuhre,,deswegen ausfuhren.,crops/43_0231_R_057.jpg
43,234,R,43,B,,Kiste,,truhe der andtwortt der,crops/43_0234_R_043.jpg
43,235,L,4,B,,Lieu:Italie,,gen dorffschafft nach Welcher ni¬,crops/43_0235_L_004.jpg
43,235,L,8,B,,Thor,,"thor parat tage, und die besorg¬",crops/43_0235_L_008.jpg
43,235,L,9,B,,Fuhre,,fuhr vmb biß zur rahsten Nation,crops/43_0235_L_009.jpg
43,235,L,12,B,,Lieu:Nord,,der hochfurst Herr: Hamburgk,crops/43_0235_L_012.jpg
43,236,L,19,B,,Lieu:Italie,,"9.tn. diegmacher aus Venedig, den Beij",crops/43_0236_L_019.jpg
43,236,R,32,B,,Lieu:Ashkenaz,,fursther Durchlf die Brau Hertagin,crops/43_0236_R_032.jpg
43,236,R,53,B,,Lieu:Route Alpes,,an das Chur Pfaltzische Wechßalge¬,crops/43_0236_R_053.jpg
43,237,R,35,B,,Lieu:Nord,,"2. mart. 9. Kl. Mannen Niclesen Borkoh: Amsterdam,",crops/43_0237_R_035.jpg
43,237,R,63,B,,Begraben,,dergleichen ebenfalß Vorzu¬,crops/43_0237_R_063.jpg
43,238,L,4,B,,Schriften,,daß dem Concepten Schriften in Rahrlichen konnennen,crops/43_0238_L_004.jpg
43,238,L,8,B,,Schriften,,Kunz Bucher Anth. Verla¬,crops/43_0238_L_008.jpg
43,239,L,9,B,,W:Cercle de Padoue,,de,crops/43_0239_L_009.jpg
43,239,L,35,B,,Begraben,,davon gleichten konnen: | neuw,crops/43_0239_L_035.jpg
43,239,R,50,B,,Lieu:Nord,,Hamburgk dahin mittelich,crops/43_0239_R_050.jpg
43,239,R,57,B,,Lieu:Ashkenaz,,specie dem David Wien auch vom schul. Erb.,crops/43_0239_R_057.jpg
43,239,R,62,B,,Lieu:Route Alpes,,"lezweij Ambts, dem Chur Pfalt p",crops/43_0239_R_062.jpg
43,239,R,64,B,,Lieu:Italie,,soher welcher ein Ihre Pfaltigen,crops/43_0239_R_064.jpg
43,240,L,20,B,,Erlaubnis,,rum umb die Erlaubnuß,crops/43_0240_L_020.jpg
43,240,R,55,B,,Lieu:Nord,,ietzlicheren Hamburg Georg Wilhelm,crops/43_0240_R_055.jpg
43,241,L,9,B,,Thor,,"mühle endlich ethoren zu laßen,",crops/43_0241_L_009.jpg
43,241,R,39,B,,Schriften,,Alß das Von dem Bucher sprach¬,crops/43_0241_R_039.jpg
43,242,R,48,B,,Kiste,,Kasten: Weillung die derosel¬,crops/43_0242_R_048.jpg
43,243,L,17,B,,Begraben,,reisende Advocatur: stemgleichen,crops/43_0243_L_017.jpg
43,243,R,30,B,,Schriften,,Erbb: von pfahren keine schrifften Rechor ohne besonders,crops/43_0243_R_030.jpg
43,243,R,41,B,,Begraben,,"lichen betragneh, bitten wegen, so soll ihren Zugleichsechs",crops/43_0243_R_041.jpg
43,243,R,42,B,,Lieu:Ashkenaz,,dennoch dan befurth der konnen der herseitschrei¬,crops/43_0243_R_042.jpg
43,244,L,11,B,,Thor,,conthorendo eigenen 9dijer erkla¬,crops/43_0244_L_011.jpg
43,244,L,13,B,,Erlaubnis,,"keine Wieder erstatten,",crops/43_0244_L_013.jpg
43,244,R,35,B,,Wacht,,"mit Canonen Salotionn, die Wacht offerendum,",crops/43_0244_R_035.jpg
43,244,R,41,B,,Thor,,im trans pferd an das neu thor,crops/43_0244_R_041.jpg
43,245,L,5,B,,Lieu:Nord,,gutherter orths hamburg Mon pfl:,crops/43_0245_L_005.jpg
43,247,L,13,B,,Lieu:Italie;Nacht;P:Bassan;P:Poppers;W:Cercle de Padoue,,#,crops/43_0247_L_013.jpg
43,247,R,47,B,,Lieu:Nord,,"dijtt zu Hamburg vnd Außburgk der Wiß, ett debiti¬",crops/43_0247_R_047.jpg
43,249,L,11,B,,Schriften,,"fertigen, auch die abschrifften zu",crops/43_0249_L_011.jpg
43,250,L,17,B,,Lieu:Italie,,"gia, welcher gegen quittung des",crops/43_0250_L_017.jpg
43,250,L,25,B,,Schriften,,das ein grichEdler Schrifften Rath,crops/43_0250_L_025.jpg
43,250,R,40,B,,Fuhre,,"geachtigkeit, fuhr lezthi abge¬",crops/43_0250_R_040.jpg
43,252,L,5,B,,Thor,,* biß vor das thor,crops/43_0252_L_005.jpg
43,252,R,41,B,,Lieu:Nord,,Hamburg,crops/43_0252_R_041.jpg
43,252,R,61,B,,Wacht,,"melden, daß solche WachEdristen",crops/43_0252_R_061.jpg
43,252,R,64,B,,Juden,,ad lit. H. Fiati speci das Rudische milder schifferungen zur Vorsorgung,crops/43_0252_R_064.jpg
43,253,L,10,B,,Nacht,,"Lödingung der 9.tnachts ist, d in an das hoffel gekommen",crops/43_0253_L_010.jpg
43,254,L,3,B,,Fuhre,,"auff der geschwagen, das bead",crops/43_0254_L_003.jpg
43,254,L,34,B,,Juden,,Alß der Jüd Abruham Meijen bau¬,crops/43_0254_L_034.jpg
43,254,R,54,B,,Lieu:Nord,,nen Amsterdam noch erörmehre,crops/43_0254_R_054.jpg
43,255,L,3,B,,Schriften,,bras an das Bucher- Commissen¬,crops/43_0255_L_003.jpg
43,255,L,29,B,,Thor,,thor anbringen Person zubffrie¬,crops/43_0255_L_029.jpg
43,256,L,30,B,,Schriften,,schrifften Recess Vor der Ordn,crops/43_0256_L_030.jpg
43,256,R,46,B,,Lieu:Ashkenaz,,Wirth zur Stadt hiemkfurthin,crops/43_0256_R_046.jpg
43,257,L,30,B,,Begraben,,Einspräger die leiche zu grob,crops/43_0257_L_030.jpg
43,257,R,56,B,,Juden,,Eod: Jst der bericht in andern Juden,crops/43_0257_R_056.jpg
43,258,L,10,B,,Thor,,"gungs-schreiben anschließen, jedoch",crops/43_0258_L_010.jpg
43,258,R,59,B,,Begraben,,schusters Ehrfren gleichen einhalts,crops/43_0258_R_059.jpg
43,258,R,63,B,,Begraben,,Hiedts Kopffs fahrau gleichen ein¬,crops/43_0258_R_063.jpg
43,260,L,6,B,,Fuhre,,tion anzufuhren wißen ihren die¬,crops/43_0260_L_006.jpg
43,260,R,33,B,,Begraben,,der so gleich gegen Caution Verab¬,crops/43_0260_R_033.jpg
43,260,R,47,B,,Schriften,,buch nur abschrifften die ubrige,crops/43_0260_R_047.jpg
43,261,L,14,B,,Censur,,"beschehene subscunt, Cognisation",crops/43_0261_L_014.jpg
43,262,L,19,B,,Thor,,andtwortt anschließen und fräßige,crops/43_0262_L_019.jpg
43,263,L,27,B,,Begraben,,"gen erbötig, ob Er gleich befor¬",crops/43_0263_L_027.jpg
43,264,L,17,B,,Begraben,,Ob die Burgermeister damahls gleicher,crops/43_0264_L_017.jpg
43,264,L,21,B,,Nacht,,Mithin Mariae Ablesische Hochnacht,crops/43_0264_L_021.jpg
43,264,L,30,B,,Begraben,,"zu leich langen, auch nach dem resilu¬",crops/43_0264_L_030.jpg
43,264,L,31,B,,Schriften,,pel der Einsäze die abschrifften,crops/43_0264_L_031.jpg
43,265,L,21,B,,Thor,,andtwortt anschließen.,crops/43_0265_L_021.jpg
43,265,R,53,B,,Lieu:Route Alpes,,wan des 9 Chur Augusti süch reden,crops/43_0265_R_053.jpg
43,267,L,2,B,,Lieu:Nord,,cum Concluso den zu der beijfuß zu hamburg,crops/43_0267_L_002.jpg
43,267,L,6,B,,Begraben,,leichtzig cum Directo an den Vor¬,crops/43_0267_L_006.jpg
43,267,R,58,B,,Juden,,Vor den Jüden Jacob stern an die,crops/43_0267_R_058.jpg
43,268,L,20,B,,Lieu:Italie,,dem Italiener Credita das vnter,crops/43_0268_L_020.jpg
43,269,L,26,B,,Lieu:Ashkenaz,,man in sachen herfurtheodroffere¬,crops/43_0269_L_026.jpg
43,269,R,39,B,,Begraben,,"gleich in caar Fräßer 9 gablen,",crops/43_0269_R_039.jpg
43,269,R,44,B,,Lieu:Ashkenaz;Lieu:Route Alpes,,schen ordent und ffurth der Chur¬,crops/43_0269_R_044.jpg
43,270,R,58,B,,Lieu:Nord,,Hamburg Regierung in auch,crops/43_0270_R_058.jpg
43,271,R,44,B,,Lieu:Nord,,oder so genanten Hamburgk cur¬,crops/43_0271_R_044.jpg
43,271,R,64,B,,Fuhre,,fuhr,crops/43_0271_R_064.jpg
43,274,R,41,B,,Lieu:Italie,,F Welcher der intention sege,crops/43_0274_R_041.jpg
43,275,L,26,B,,Nacht,,daß sie des nachts die Kallte aus¬,crops/43_0275_L_026.jpg
43,275,R,31,B,,Begraben,,"gen, Wie es sonsten in gleicher",crops/43_0275_R_031.jpg
43,275,R,47,B,,Kiste,,observantz den Kisten schreiber,crops/43_0275_R_047.jpg
43,276,L,2,B,,Lieu:Route Alpes,,gnädigstes Resent S: Chur¬,crops/43_0276_L_002.jpg
43,276,L,13,B,,Lieu:Nord,,"Hamburgk, bef deren Berleßen,",crops/43_0276_L_013.jpg
43,276,L,25,B,,Schriften,,bens an das Bucher Commissarius,crops/43_0276_L_025.jpg
43,276,R,30,B,,Juden,,gelauffte Jüdische Radinen sich beij,crops/43_0276_R_030.jpg
43,276,R,41,B,,versiegelt,,ohngesiegelten passin schrif¬,crops/43_0276_R_041.jpg
43,277,L,14,B,,Lieu:Ashkenaz;Lieu:Route Alpes,,cum Etho in eau Frfurth contra Chur¬,crops/43_0277_L_014.jpg
43,278,R,34,B,,Lieu:Ashkenaz,,schloßige passage und deren Wien¬,crops/43_0278_R_034.jpg
43,279,L,10,B,,Juden,,"offenbah, die abhorung der Juden",crops/43_0279_L_010.jpg
43,279,L,14,B,,Lieu:Italie,,"quposition: schreibens Erb. Welchten Syndico, so Londte ad Acta.",crops/43_0279_L_014.jpg
43,281,R,18,B,,Schriften,,Alßische Inid scriptaten vnd Bucherp.,crops/43_0281_R_018.jpg
43,282,L,5,B,,Juden,,"sterne Heka, Jüdin - - -",crops/43_0282_L_005.jpg
43,282,L,9,B,,Lieu:Nord,,Darius nu Rath zu Hamburg - - - - 144.,crops/43_0282_L_009.jpg
43,282,L,24,B,,Fuhre,,"schister führte, Jnd arrestirt - - 48b. 49.",crops/43_0282_L_024.jpg
43,282,R,40,B,,Lieu:Nord,,Hamburg stadt -,crops/43_0282_R_040.jpg
43,282,R,50,B,,versiegelt,,"Scheine vom Postambt müßen gesiegelt seijn, 520.",crops/43_0282_R_050.jpg
43,285,R,31,B,,Lieu:Italie,,Abraham L. Janusij Engellandt fischer vnd Welcher 7.,crops/43_0285_R_031.jpg
43,287,R,1,B,,P:Poppers,,B.,crops/43_0287_R_001.jpg
43,287,R,7,B,,Lieu:Nord,,Hamburgks Schomb: Capital uber ihre vnd dahin 10. 69.,crops/43_0287_R_007.jpg
43,287,R,15,B,,Lieu:Ashkenaz,,"berichte nach Wien abgelaßen,",crops/43_0287_R_015.jpg
43,287,R,42,B,,Censur;Schriften,,bucher Commissariat,crops/43_0287_R_042.jpg
43,288,L,2,B,,P:Poppers,,B.,crops/43_0288_L_002.jpg
43,288,R,49,B,,P:Poppers,,B.,crops/43_0288_R_049.jpg
43,288,R,81,B,,Lieu:Italie;Nacht;P:Bassan;P:Poppers;W:Cercle de Padoue,,*,crops/43_0288_R_081.jpg
43,289,L,0,B,,P:Poppers,,B.,crops/43_0289_L_000.jpg
43,289,L,7,B,,Juden,,"Bulefelds Haac, Jüdens creditores Doct: citirt - - pbb.",crops/43_0289_L_007.jpg
43,289,L,9,B,,Schriften,,Brucher handelßmann -,crops/43_0289_L_009.jpg
43,289,L,13,B,,Lieu:Ashkenaz,,breud collecte vor Erffurth Prowilligte - - - 300.,crops/43_0289_L_013.jpg
43,289,L,16,B,,Begraben,,burgerlicher seithe wird der vergleich wegen des Erb:,crops/43_0289_L_016.jpg
43,289,L,20,B,,Lieu:Ashkenaz,,"brachte, nach Wien abgegangene - - -",crops/43_0289_L_020.jpg
43,289,L,29,B,,Begraben;Censur;Schriften,,bucher: Commissarirt zu Leichtig -,crops/43_0289_L_029.jpg
43,289,R,90,B,,Lieu:Route Alpes,,Convers-geld in augspurg beeder - - - 145.,crops/43_0289_R_090.jpg
43,290,L,43,B,,Lieu:Italie;Nacht;P:Bassan;P:Poppers;W:Cercle de Padoue,,—,crops/43_0290_L_043.jpg
43,291,R,25,B,,Schriften,,"Befensiones schrifften, vbergebene",crops/43_0291_R_025.jpg
43,291,R,40,B,,Schriften,,"durchbaldt von, Kaijdhr Bucher Commissionis St.",crops/43_0291_R_040.jpg
43,291,R,47,B,,Lieu:Nord,,"D Engel Jahren bevorhandtkößentl W Hamburg, - 120.",crops/43_0291_R_047.jpg
43,292,L,48,B,,Schriften,,dieserweisen alleß in Schriften halber geschehen - 1688: vor pillierten,crops/43_0292_L_048.jpg
43,293,R,32,B,,Lieu:Ashkenaz,,Erffürther Landgericht -,crops/43_0293_R_032.jpg
43,293,R,39,B,,Begraben;Lieu:Nord,,gleich holländischer dreijener -,crops/43_0293_R_039.jpg
43,293,R,49,B,,Schriften,," Extractus Protocolli zu bezahlen, Vnd vom Bucher¬",crops/43_0293_R_049.jpg
43,295,R,13,B,,Lieu:Ashkenaz,,Franckfurth 9. Hanau,crops/43_0295_R_013.jpg
43,295,R,17,B,,Lieu:Ashkenaz,,"Frankfurth der Maytt, in pro consembris sp hoc 144. 346.",crops/43_0295_R_017.jpg
43,295,R,27,B,,Lieu:Ashkenaz;Lieu:Route Alpes,,Bremkfurth contra Chur Mayetz p. Matt:,crops/43_0295_R_027.jpg
43,295,R,30,B,,Lieu:Ashkenaz,,Franckfurth 9 handen Moti. diebegehalltene,crops/43_0295_R_030.jpg
43,295,R,51,B,,Lieu:Ashkenaz,,zu verdefurth der dienstadt in prodes des erschieder des 13ten Maij:,crops/43_0295_R_051.jpg
43,296,L,2,B,,Begraben,,"Gleichß, deßen Prusß bald -",crops/43_0296_L_002.jpg
43,296,L,4,B,,Lieu:Ashkenaz,,Franchenfurth 9 Septenburg pro compensai - anno ppt,crops/43_0296_L_004.jpg
43,296,L,6,B,,Lieu:Nord,,zuereds in den land cassiret in Holland 475. 20gy.,crops/43_0296_L_006.jpg
43,296,L,8,B,,Fuhre,,Schlich fuhrmann 9 Fürder Canßel oder beer - 1200.,crops/43_0296_L_008.jpg
43,296,L,18,B,,Begraben,,fleichstein von 9 Jun̄d Obern - - -,crops/43_0296_L_018.jpg
43,296,L,25,B,,Lieu:Ashkenaz,,Erfurth jeden L: Oberthanehr Crayß¬,crops/43_0296_L_025.jpg
43,296,L,36,B,,Begraben,,Hisculis contra Glachtten hinforderung gleichisch itzog¬,crops/43_0296_L_036.jpg
43,296,R,48,B,,P:Hagiz,,zu Hägische Vormundern,crops/43_0296_R_048.jpg
43,296,R,55,B,,Begraben,,Gleichbrinische Reaths- Wesl - - - 482.,crops/43_0296_R_055.jpg
43,296,R,56,B,,Begraben,,Gleichsbarn H. Philipp Wilhelm Von - - 483. 9yrn,crops/43_0296_R_056.jpg
43,296,R,62,B,,Begraben,,Gleichbrunsche Raths Mahl bestettigte - 1530.,crops/43_0296_R_062.jpg
43,297,R,8,B,,Begraben,,"geleich in der maße, beschlihr deshalber, Erbb: St. G. von Bergen",crops/43_0297_R_008.jpg
43,297,R,25,B,,Fuhre,,"holdschandt Jnd 9 firm ohebewarten, fuhrmann auß. 66. p.",crops/43_0297_R_025.jpg
43,297,R,26,B,,P:Poppers,,Ob.,crops/43_0297_R_026.jpg
43,297,R,31,B,,Lieu:Ashkenaz,,schleuburg von 9. Franckfurth in pro Vnaaces 1616. X,crops/43_0297_R_031.jpg
43,297,R,34,B,,Lieu:Route Alpes,,"Graßlig, ihre Von, Chur Meijetzk Ihrer Rath p 66.",crops/43_0297_R_034.jpg
43,298,L,4,B,,Begraben,,"alleichs in den mißfursten der vertrauwung hiesig anhaltenn, 18sl. 493.",crops/43_0298_L_004.jpg
43,298,L,5,B,,Begraben,,gleich vonnthor Camerae - - - 48.,crops/43_0298_L_005.jpg
43,298,L,12,B,,Begraben,,Gleichw Johann Dietrich - - -,crops/43_0298_L_012.jpg
43,298,R,54,B,,Begraben,,geleichs: so ein so unfallen Will 6ten - - 87. 103. 4000. 48.,crops/43_0298_R_054.jpg
43,299,R,24,B,,Lieu:Ashkenaz,,"Waß, des Raths in Erffurth",crops/43_0299_R_024.jpg
43,299,R,47,B,,Lieu:Route Alpes,,Hannökische Chur: Commisservirt . vnd soluer¬,crops/43_0299_R_047.jpg
43,299,R,50,B,,Lieu:Nord;Nacht,,Holländisch. Leidischen Zeitungs nachtruck,crops/43_0299_R_050.jpg
43,300,L,13,B,,Lieu:Nord,,Herr Hamburgk Churpfurstzte unterthanen in pro der zum Wandte,crops/43_0300_L_013.jpg
43,300,L,28,B,,Lieu:Nord,,Hamburgische Hochfürstl. Häßische Regia: Correspondentz zu . 2157. 4.,crops/43_0300_L_028.jpg
43,300,L,29,B,,Lieu:Nord,,Holländischer gesandter Herr Von Burgeria dis: Lüt. B.,crops/43_0300_L_029.jpg
43,300,R,57,B,,Lieu:Nord,,"Hamburg zu, Ihre Hochfursthe Acht¬",crops/43_0300_R_057.jpg
43,301,L,39,B,,Lieu:Nord,,"Hamburg, Hanß von Claßberg contra Andreas geghirth - etzhs:",crops/43_0301_L_039.jpg
43,301,R,49,B,,Juden,,"Lüdenschafft, vnd denn Germonien biß - - - - Nottes",crops/43_0301_R_049.jpg
43,301,R,76,B,,Juden,,itzig Schwalm jud ausgetrommelt,crops/43_0301_R_076.jpg
43,302,L,2,B,,Lieu:Route Alpes,,Jagt zu Niederredt vor Chur Maijeth angesprochen - - - 346.,crops/43_0302_L_002.jpg
43,302,L,6,B,,Censur,,"Jacobi, Actuarius das Buchen: Commissariats - - artz.",crops/43_0302_L_006.jpg
43,302,R,26,B,,Juden,,handle Jüdin pter ihre anerbieten mannab - 1486. 48. 9prie,crops/43_0302_R_026.jpg
43,302,R,36,B,,Lieu:Italie,,keitisten Capitalia ab,crops/43_0302_R_036.jpg
43,303,R,42,B,,Begraben,,Auhelein bleich Directen zu Mannheimen,crops/43_0303_R_042.jpg
43,304,L,47,B,,Cohen (bruit fort),,Kohlen Iis Societus - - - 509.,crops/43_0304_L_047.jpg
43,304,R,49,B,,Lieu:Italie,,C.,crops/43_0304_R_049.jpg
43,304,R,85,B,,Lieu:Italie,,Lazerüb abbrasam 9 Welcher,crops/43_0304_R_085.jpg
43,304,R,96,B,,Begraben,,"Lehr Corra, bleichmann überfahrner",crops/43_0304_R_096.jpg
43,305,L,21,B,,Lieu:Ashkenaz,,Leopoldin Anna Maria,crops/43_0305_L_021.jpg
43,305,L,31,B,,versiegelt,,Lohrer spiegel Fabrie - - - -,crops/43_0305_L_031.jpg
43,305,R,102,B,,Thor,,Maurer 9 thor Räth Ihreme,crops/43_0305_R_102.jpg
43,306,R,56,B,,Wacht,,Wacherhaupt Pfarrer,crops/43_0306_R_056.jpg
43,306,R,66,B,,Schriften,, Mohr contra bucher confer lit. B.,crops/43_0306_R_066.jpg
43,307,R,3,B,,Wacht,,wegen der schwacher Vnkombten instruction -,crops/43_0307_R_003.jpg
43,307,R,6,B,,Lieu:Route Alpes,,"Nürnburg, Stadt, schieder daher",crops/43_0307_R_006.jpg
43,307,R,9,B,,Lieu:Route Alpes,,Nurnberg stadt schluw an sie -,crops/43_0307_R_009.jpg
43,307,R,13,B,,Lieu:Nord,,Niederliebacher gemeinde 9 Con Hamburg Aoß p. 18. 120. 300.,crops/43_0307_R_013.jpg
43,307,R,36,B,,Lieu:Nord,,Aufwiller vnd Holland 9. Von Bremar - - 145.,crops/43_0307_R_036.jpg
43,307,R,41,B,,Nacht,,Nachten sodum Mayister mark schiff angehörigt,crops/43_0307_R_041.jpg
43,309,R,45,B,,Fuhre,,"Preceßen in, des Engtio Maytt fhallen auch zu fuhr ahm 48. 47514.",crops/43_0309_R_045.jpg
43,310,L,25,B,,Juden,,"Post Löbgen, jud, ausgetromelt - - - 346.",crops/43_0310_L_025.jpg
43,310,L,40,B,,Lieu:Ashkenaz,,"Pohlen in, Ihro Königke Maijtt.",crops/43_0310_L_040.jpg
43,310,R,64,B,,Fuhre,,Pottschwenn auff der mal Wagen - - 1521.,crops/43_0310_R_064.jpg
43,312,R,30,B,,Lieu:Nord,,Boßel contra Hamburgkom¬,crops/43_0312_R_030.jpg
43,313,L,24,B,,Lieu:Italie;Nacht;P:Bassan;P:Poppers;W:Cercle de Padoue,,*,crops/43_0313_L_024.jpg
43,314,R,48,B,,Lieu:Nord,,Hamburgimmerin,crops/43_0314_R_048.jpg
43,315,L,23,B,,Fuhre,,"Schiffleuthe, deren fuhren vber - - - 145.",crops/43_0315_L_023.jpg
43,315,R,49,B,,Thor,,"schlagen, durch 9. R. Cuthoren Closter _ - 24. 300 Rhthaler",crops/43_0315_R_049.jpg
43,316,L,0,B,,P:Bassan,,S,crops/43_0316_L_000.jpg
43,316,L,7,B,,Lieu:Italie,,Familie gratulirte Zoll: und welchen freijheit,crops/43_0316_L_007.jpg
43,316,L,13,B,,versiegelt,,"spiegel, Jeden Moses burger, Jeder - - - 120.",crops/43_0316_L_013.jpg
43,316,L,21,B,,versiegelt,,Stiegel contra Memorialus - - - -,crops/43_0316_L_021.jpg
43,316,R,75,B,,Begraben,,Auch zu Nachacht der von der bleich geschehen - anno p 300.,crops/43_0316_R_075.jpg
43,316,R,86,B,,Lieu:Ashkenaz,,Cuntscher Ritter orden und Hofurth contra Maguth. sos.,crops/43_0316_R_086.jpg
43,317,R,15,B,,Lieu:Ashkenaz,,uberlingen stadt schad mit solcher gedachselten 300.,crops/43_0317_R_015.jpg
43,318,L,0,B,,P:Bassan,,S,crops/43_0318_L_000.jpg
43,318,R,3,B,,Thor,,Versteigtung der Cathoren Closter guter Von,crops/43_0318_R_003.jpg
43,318,R,30,B,,Erlaubnis,,obrigkeiten erlaubniß nicht nothull - - - -,crops/43_0318_R_030.jpg
43,319,R,28,B,,Lieu:Italie,,"Welcher 9 faste Bremes, Als",crops/43_0319_R_028.jpg
43,319,R,31,B,,Lieu:Route Alpes,,Waaren Von Chur Mayetz angehalten - - - 33.,crops/43_0319_R_031.jpg
43,320,L,21,B,,Lieu:Nord,,"Wneggald beschulde deshalber von hamburg, 138 gegen ab¬",crops/43_0320_L_021.jpg
43,320,L,22,B,,Fuhre,,Wagene Seelandt &: des mißgedachs - L.thb. von 115.,crops/43_0320_L_022.jpg
43,321,R,16,B,,Erlaubnis,,"Zollfruchtit verstattetz continuirungen, vnderspa¬",crops/43_0321_R_016.jpg
43,321,R,53,B,,Lieu:Route Alpes,,handen Man Chur Mayrt auff dem seadem zu solte,crops/43_0321_R_053.jpg
43,322,L,7,B,,Schriften,,zedlische handlung und Bucher beß¬,crops/43_0322_L_007.jpg
